Virus name	Accession ID	Collection date	Location	Host	Additional location information	Sampling strategy	Gender	Patient age	Patient status	Last vaccinated	Passage	Specimen	Additional host information	Lineage	Clade	AA Substitutions
hCoV-19/USA/CT-CDC-VSX-A064688/2023	EPI_ISL_17278438	2023-03-08	North America / USA / Connecticut	Human		Baseline surveillance	Female	41	unknown		Original	PrimeStore MTM - Nasal Swab		BA.2.10.1	GRA	(NSP5_P132H,NSP12_G671S,NSP3_G489S,Spike_L24del,NSP4_T327I,Spike_S373P,Spike_N969K,Spike_H655Y,N_R203K,Spike_G142D,Spike_A27S,Spike_Q954H,N_P13L,Spike_N501Y,Spike_P25del,N_R32del,Spike_V213E,NS3_T223I,Spike_T19I,Spike_H146Q,M_Q19E,NSP4_T492I,Spike_N679K,Spike_N764K,E_T11A,NSP6_G107del,Spike_Y505H,Spike_D796Y,N_G204R,Spike_T478K,N_S413R,M_A63T,Spike_R346T,Spike_S371F,Spike_K417N,NSP13_R392C,Spike_L368I,Spike_T376A,NSP6_S106del,NS8_G8stop,Spike_F490S,Spike_F486P,Spike_R408S,NSP4_L438F,Spike_G339H,NSP14_I42V,NSP10_I81J,Spike_P681H,NSP4_L264F,Spike_Y144del,Spike_V83A,NSP3_T24I,N_S33del,Spike_S375F,Spike_D405N,Spike_Q498R,NSP13_S36P,Spike_Q183E,N_E31del,NSP15_T112I,NSP6_F108del,Spike_E484A,E_T9I,NSP1_K47R,Spike_P26del,NSP12_P323L,Spike_D614G,Spike_G252V)
hCoV-19/USA/CT-CDC-VSX-A063358/2023	EPI_ISL_17278522	2023-03-10	North America / USA / Connecticut	Human		Baseline surveillance	Female	58	unknown		Original	PrimeStore MTM - Nasal Swab		XBB.1.5	GRA	(NSP5_P132H,NSP12_G671S,NSP3_G489S,Spike_L24del,NSP4_T327I,Spike_S373P,Spike_N969K,Spike_H655Y,N_R203K,Spike_G142D,Spike_A27S,Spike_Q954H,N_P13L,Spike_T883I,Spike_N501Y,Spike_P25del,N_R32del,Spike_V213E,NS3_T223I,Spike_T19I,Spike_H146Q,M_Q19E,Spike_N440K,NSP4_T492I,Spike_N460K,Spike_N679K,Spike_N764K,E_T11A,NSP6_G107del,Spike_Y505H,Spike_D796Y,N_G204R,Spike_T478K,N_S413R,M_A63T,Spike_R346T,Spike_S371F,Spike_V445P,NSP13_R392C,Spike_K417N,Spike_L368I,Spike_T376A,NSP6_S106del,NS8_G8stop,Spike_F490S,Spike_F486P,NS7a_A66S,Spike_R408S,NSP4_L438F,Spike_G339H,NSP14_I42V,NSP4_L264F,Spike_P681H,Spike_Y144del,Spike_V83A,NSP3_T24I,N_S33del,NSP1_S135R,Spike_S375F,Spike_D405N,Spike_Q498R,Spike_G446S,NSP13_S36P,Spike_Q183E,Spike_S477N,N_E31del,NSP15_T112I,NSP6_F108del,Spike_E484A,E_T9I,NSP1_K47R,Spike_P26del,NSP12_P323L,Spike_D614G,Spike_G252V)
hCoV-19/USA/CT-ASC-210886618/2023	EPI_ISL_17279641	2023-03-13	North America / USA / Connecticut	Human		random	Male	60	unknown	2021-04-01	Original	Nasal - Anterior Nares		XBB.1.5	GRA	(NSP5_P132H,NSP12_G671S,NSP3_G489S,Spike_L24del,NSP4_T327I,Spike_S373P,Spike_N969K,Spike_H655Y,N_R203K,Spike_G142D,Spike_A27S,Spike_Q954H,N_P13L,Spike_T883I,Spike_N501Y,Spike_P25del,N_R32del,Spike_V213E,NS3_T223I,Spike_T19I,Spike_H146Q,M_Q19E,NSP4_T492I,Spike_N679K,Spike_N764K,E_T11A,NSP6_G107del,Spike_Y505H,Spike_D796Y,N_G204R,N_S413R,M_A63T,Spike_R346T,Spike_S371F,NSP13_R392C,Spike_L368I,Spike_T376A,NSP6_S106del,NS8_G8stop,Spike_F490S,NS7a_A66S,Spike_R408S,NSP4_L438F,Spike_G339H,NSP14_I42V,NSP4_L264F,Spike_P681H,Spike_Y144del,Spike_V83A,NSP3_T24I,N_S33del,NSP1_S135R,Spike_S375F,Spike_D405N,Spike_Q498R,NSP13_S36P,Spike_Q183E,N_E31del,NSP15_T112I,NSP6_F108del,E_T9I,NSP1_K47R,Spike_P26del,NSP12_P323L,Spike_D614G,Spike_G252V)
hCoV-19/USA/CT-ASC-210886224/2023	EPI_ISL_17279718	2023-03-09	North America / USA / Connecticut	Human		random	Male	70	unknown	2022-12-01	Original	Nasal - Anterior Nares		XBB.1.5	GRA	(NSP5_P132H,NSP12_G671S,NSP3_G489S,Spike_L24del,NSP4_T327I,Spike_S373P,Spike_N969K,Spike_H655Y,N_R203K,Spike_G142D,Spike_A27S,Spike_Q954H,N_P13L,Spike_N501Y,Spike_P25del,N_R32del,Spike_V213E,NS3_T223I,Spike_T19I,Spike_H146Q,M_Q19E,Spike_N440K,NSP4_T492I,Spike_N460K,Spike_N679K,Spike_N764K,E_T11A,NSP6_G107del,Spike_Y505H,Spike_D796Y,N_G204R,Spike_T478K,N_S413R,M_A63T,Spike_R346T,Spike_S371F,Spike_V445P,Spike_K417N,NSP13_R392C,Spike_L368I,Spike_T376A,NSP6_S106del,NS8_G8stop,Spike_F490S,Spike_F486P,Spike_R408S,NSP4_L438F,Spike_G339H,NSP14_I42V,NSP4_L264F,Spike_P681H,Spike_Y144del,Spike_V83A,NSP3_T24I,N_S33del,NSP1_S135R,Spike_S375F,Spike_D405N,Spike_Q498R,Spike_G446S,NSP13_S36P,Spike_Q183E,Spike_S477N,N_E31del,NSP15_T112I,NSP6_F108del,Spike_E484A,E_T9I,NSP1_K47R,Spike_P26del,NSP12_P323L,Spike_D614G,Spike_G252V)
hCoV-19/USA/CT-ASC-210886244/2023	EPI_ISL_17279719	2023-03-09	North America / USA / Connecticut	Human		random	Male	43	unknown		Original	Nasal - Anterior Nares		BQ.1.1.5	GRA	(NSP5_P132H,NSP15_P262L,Spike_H69del,NSP3_G489S,Spike_L24del,NSP4_T327I,Spike_S373P,Spike_N969K,Spike_H655Y,N_R203K,Spike_V213G,Spike_G142D,Spike_A27S,Spike_Q954H,N_P13L,Spike_N501Y,Spike_P25del,N_R32del,NS3_T223I,Spike_T19I,M_Q19E,NSP4_T492I,N_E136D,M_D3N,Spike_N679K,Spike_N764K,NSP6_G107del,Spike_Y505H,NSP13_N268S,Spike_D796Y,N_G204R,Spike_T478K,N_S413R,NSP6_L260F,M_A63T,Spike_R346T,NSP2_Q376K,Spike_S371F,NSP13_R392C,Spike_F486V,Spike_T376A,NSP6_S106del,Spike_G339D,Spike_R408S,NSP14_I42V,NSP4_L264F,Spike_P681H,NSP13_M233I,NSP3_T24I,N_S33del,NSP2_V323A,NSP1_S135R,Spike_S375F,Spike_D405N,Spike_Q498R,Spike_S477N,N_E31del,NSP12_Y273H,NSP15_T112I,NSP6_F108del,Spike_E484A,E_T9I,Spike_V70del,NSP6_V286I,Spike_P26del,NSP12_P323L,Spike_D614G)
hCoV-19/USA/CT-ASC-210886366/2023	EPI_ISL_17280185	2023-03-13	North America / USA / Connecticut	Human		random	Female	59	unknown	2022-12-01	Original	Nasal - Anterior Nares		XBB.1.5	GRA	(NSP5_P132H,NSP12_G671S,NSP3_G489S,Spike_L24del,Spike_S373P,Spike_N969K,Spike_H655Y,N_R203K,Spike_G142D,Spike_A27S,Spike_Q954H,N_P13L,Spike_N501Y,Spike_P25del,N_R32del,Spike_V213E,NS3_T223I,Spike_T19I,Spike_H146Q,M_Q19E,Spike_N440K,NSP4_T492I,Spike_N460K,Spike_R78K,Spike_N679K,Spike_N764K,E_T11A,NSP6_G107del,Spike_Y505H,Spike_D796Y,N_G204R,Spike_T478K,N_S413R,M_A63T,Spike_R346T,Spike_S371F,Spike_V445P,Spike_K417N,NSP13_R392C,Spike_L368I,Spike_T376A,NSP6_S106del,NS8_G8stop,Spike_F490S,Spike_F486P,Spike_R408S,NSP4_L438F,Spike_G339H,NSP14_I42V,NSP4_L264F,Spike_P681H,Spike_Y144del,Spike_V83A,NSP3_T24I,N_S33del,NSP1_S135R,Spike_S375F,Spike_D405N,Spike_Q498R,Spike_G446S,NSP13_S36P,Spike_Q183E,NSP2_A159T,Spike_S477N,N_E31del,NSP15_T112I,NSP6_F108del,Spike_E484A,E_T9I,NSP1_K47R,Spike_P26del,NSP12_P323L,Spike_D614G,Spike_G252V)
hCoV-19/USA/CT-ASC-210970518/2023	EPI_ISL_17280267	2023-03-10	North America / USA / Connecticut	Human		random	Female	24	unknown	2022-01-01	Original	Nasal - Anterior Nares		XBB.1.5	GRA	(NSP5_P132H,NSP3_G489S,NSP12_G671S,Spike_L24del,NSP4_T327I,Spike_S373P,Spike_N969K,Spike_H655Y,N_R203K,Spike_G142D,Spike_A27S,Spike_Q954H,N_P13L,Spike_T883I,Spike_N501Y,Spike_P25del,N_R32del,Spike_V213E,NS3_T223I,Spike_T19I,Spike_H146Q,M_Q19E,Spike_N440K,NSP4_T492I,Spike_N460K,NSP12_H882Y,Spike_N679K,Spike_N764K,E_T11A,NSP6_G107del,Spike_Y505H,Spike_D796Y,N_G204R,Spike_T478K,N_S413R,M_A63T,Spike_R346T,Spike_S371F,Spike_V445P,NSP13_R392C,Spike_K417N,Spike_L368I,Spike_T376A,NSP6_S106del,NS8_G8stop,Spike_F490S,Spike_F486P,Spike_R408S,NSP4_L438F,Spike_G339H,NSP14_I42V,NSP4_L264F,Spike_P681H,Spike_Y144del,Spike_V83A,NSP3_T24I,N_S33del,NSP1_S135R,Spike_S375F,Spike_D405N,Spike_Q498R,Spike_G446S,NSP13_S36P,Spike_Q183E,Spike_S477N,NSP14_Q145R,N_E31del,NSP15_T112I,NSP6_F108del,Spike_E484A,E_T9I,NSP1_K47R,Spike_P26del,NSP12_P323L,Spike_D614G,Spike_G252V)
hCoV-19/USA/CT-ASC-210886023/2023	EPI_ISL_17280342	2023-03-10	North America / USA / Connecticut	Human		random	Male	80	unknown	2022-04-01	Original	Nasal - Anterior Nares		XBB.1.5	GRA	(NSP5_P132H,NSP3_G489S,Spike_L24del,NSP4_T327I,Spike_S373P,Spike_N969K,Spike_H655Y,N_R203K,Spike_G142D,Spike_A27S,Spike_Q954H,N_P13L,Spike_N501Y,Spike_P25del,N_R32del,Spike_V213E,NS3_T223I,Spike_T19I,Spike_H146Q,M_Q19E,NSP4_T492I,NSP3_L1629I,NSP3_D9G,Spike_N679K,Spike_N764K,E_T11A,NSP6_G107del,Spike_Y505H,Spike_D796Y,N_G204R,Spike_T478K,N_S413R,NS7a_P99L,Spike_R346T,Spike_S371F,NSP13_R392C,Spike_L368I,NS8_Q18stop,Spike_T376A,NSP6_S106del,NS8_G8stop,Spike_F490S,Spike_F486P,NSP4_L438F,Spike_G339H,NSP4_L264F,Spike_P681H,Spike_Y144del,Spike_V83A,NSP3_T24I,N_S33del,NSP1_S135R,Spike_S375F,Spike_D405N,Spike_Q498R,NSP13_S36P,Spike_Q183E,Spike_S477N,N_E31del,NSP15_T112I,NSP6_F108del,Spike_E484A,NSP4_P166S,E_T9I,NSP1_K47R,Spike_P26del,NSP12_P323L,Spike_D614G,Spike_G252V)
hCoV-19/USA/CT-CDC-VSX-A064976/2023	EPI_ISL_17293495	2023-03-15	North America / USA / Connecticut	Human		Baseline surveillance	Female	60	unknown		Original	PrimeStore MTM - Nasal Swab		BE.1.1	GRA	(NSP5_P132H,Spike_H69del,NSP3_G489S,Spike_L24del,NSP4_T327I,Spike_S373P,Spike_N969K,Spike_H655Y,N_R203K,Spike_V213G,Spike_G142D,NS3_W131C,Spike_A27S,Spike_Q954H,N_P13L,Spike_N501Y,Spike_P25del,N_R32del,NS3_T223I,Spike_T19I,M_Q19E,Spike_N440K,NSP4_T492I,Spike_N460K,N_E136D,M_D3N,Spike_N679K,Spike_N764K,NSP6_G107del,Spike_Y505H,NSP13_N268S,Spike_D796Y,N_G204R,Spike_T478K,N_S413R,NSP6_L260F,M_A63T,Spike_R346T,NSP2_Q376K,Spike_S371F,Spike_K417N,NSP13_R392C,Spike_F486V,Spike_T376A,NSP6_S106del,Spike_G339D,Spike_R408S,NSP14_I42V,NSP4_L264F,Spike_P681H,NSP13_M233I,NSP3_T24I,Spike_P621S,N_S33del,NSP1_S135R,Spike_S375F,Spike_D405N,Spike_Q498R,Spike_S477N,N_E31del,NSP12_Y273H,NSP15_T112I,NSP6_F108del,Spike_E484A,E_T9I,Spike_K444T,Spike_V70del,Spike_P26del,NSP12_P323L,Spike_D614G,Spike_L452R)
hCoV-19/USA/CT-CDC-VSX-A063383/2023	EPI_ISL_17293579	2023-03-17	North America / USA / Connecticut	Human		Baseline surveillance	Female	27	unknown		Original	PrimeStore MTM - Nasal Swab		XBB.1.9.1	GRA	(NSP5_P132H,Spike_S256L,NSP12_G671S,NSP3_G489S,Spike_L24del,NSP4_T327I,Spike_S373P,Spike_N969K,Spike_H655Y,N_R203K,Spike_G142D,Spike_A27S,Spike_Q954H,N_P13L,Spike_N501Y,Spike_P25del,N_R32del,Spike_V213E,NS3_T223I,NS3_I62F,Spike_T19I,Spike_H146Q,M_Q19E,Spike_N440K,NSP4_T492I,Spike_N460K,Spike_N679K,Spike_N764K,E_T11A,NSP6_G107del,Spike_Y505H,Spike_D796Y,N_G204R,Spike_T478K,N_S413R,M_A63T,Spike_R346T,Spike_S371F,Spike_V445P,NSP13_R392C,Spike_K417N,Spike_L368I,Spike_T376A,NSP6_S106del,NS8_G8stop,Spike_F490S,Spike_F486P,Spike_R408S,NSP4_L438F,Spike_G339H,NSP14_I42V,NSP4_L264F,Spike_P681H,Spike_Y144del,Spike_V83A,NSP3_T24I,N_S33del,NSP1_S135R,Spike_S375F,NSP3_G1001S,Spike_D405N,Spike_Q498R,Spike_G446S,NSP13_S36P,Spike_Q183E,Spike_S477N,N_E31del,NSP15_T112I,NSP6_F108del,Spike_E484A,E_T9I,NSP1_K47R,Spike_P26del,NSP9_T35I,NSP12_P323L,Spike_D614G,Spike_G252V)
hCoV-19/USA/CT-CDC-2-6918539/2023	EPI_ISL_17305429	2023-02-04	North America / USA / Connecticut	Human		Baseline surveillance	Female	unknown	unknown		Original	Anterior nasal swab		XBB.1.5	GRA	(NSP5_P132H,NSP12_G671S,NSP3_G489S,Spike_L24del,NSP4_T327I,Spike_S373P,Spike_N969K,Spike_H655Y,N_R203K,Spike_G142D,Spike_A27S,Spike_Q954H,N_P13L,Spike_N501Y,Spike_P25del,N_R32del,Spike_V213E,NS3_T223I,Spike_T19I,Spike_H146Q,M_Q19E,Spike_N440K,NSP4_T492I,Spike_N460K,Spike_N679K,Spike_N764K,E_T11A,NSP6_G107del,Spike_Y505H,Spike_D796Y,N_G204R,Spike_T478K,N_S413R,M_A63T,Spike_R346T,Spike_S371F,Spike_V445P,NSP13_R392C,Spike_K417N,Spike_L368I,Spike_T376A,NSP6_S106del,NS8_G8stop,Spike_F490S,Spike_F486P,Spike_R408S,NSP4_L438F,Spike_G339H,NSP14_I42V,NSP4_L264F,Spike_P681H,Spike_Y144del,Spike_V83A,NSP3_T24I,N_S33del,NSP1_S135R,Spike_S375F,Spike_D405N,Spike_Q498R,Spike_G446S,NSP16_L126F,NSP13_S36P,Spike_Q183E,Spike_S477N,N_E31del,NSP15_T112I,NSP6_F108del,Spike_E484A,E_T9I,NSP1_K47R,Spike_P26del,NSP12_P323L,Spike_D614G,Spike_G252V)
hCoV-19/USA/CT-CDC-2-6918604/2023	EPI_ISL_17305430	2023-02-04	North America / USA / Connecticut	Human		Baseline surveillance	Female	unknown	unknown		Original	Anterior nasal swab		BQ.1.1.32	GRA	(NSP5_P132H,Spike_H69del,NSP3_G489S,Spike_L24del,NSP4_T327I,Spike_S373P,Spike_N969K,Spike_H655Y,N_R203K,Spike_V213G,Spike_G142D,Spike_A27S,Spike_Q954H,NSP3_T423I,N_P13L,Spike_N501Y,Spike_P25del,N_R32del,NS3_T223I,Spike_T19I,NSP3_A333V,M_Q19E,Spike_N440K,NSP4_T492I,Spike_N460K,N_E136D,M_D3N,Spike_N679K,Spike_N764K,NSP6_G107del,Spike_Y505H,NSP13_N268S,Spike_D796Y,N_G204R,Spike_T478K,N_S413R,NSP6_L260F,M_A63T,Spike_R346T,NSP16_K160R,NSP2_Q376K,Spike_S371F,NSP13_R392C,Spike_K417N,Spike_F486V,Spike_T376A,NSP6_S106del,Spike_G339D,Spike_R408S,NSP14_I42V,NSP4_L264F,Spike_P681H,Spike_Y144del,NSP13_M233I,NSP3_T24I,N_S33del,NSP1_S135R,Spike_S375F,Spike_D405N,Spike_Q498R,Spike_S477N,N_E31del,NSP12_Y273H,NSP15_T112I,NSP6_F108del,Spike_E484A,E_T9I,Spike_K444T,Spike_V70del,Spike_P26del,NSP12_P323L,Spike_D614G,Spike_L452R)
hCoV-19/USA/CT-CDC-2-6918637/2023	EPI_ISL_17305431	2023-02-06	North America / USA / Connecticut	Human		Baseline surveillance	Female	unknown	unknown		Original	Anterior nasal swab		XBB.1.5	GRA	(NSP5_P132H,NSP12_G671S,NSP3_G489S,Spike_L24del,NSP4_T327I,Spike_S373P,Spike_N969K,Spike_H655Y,N_R203K,Spike_G142D,Spike_A27S,Spike_Q954H,N_P13L,Spike_N501Y,Spike_P25del,N_R32del,Spike_V213E,NS3_T223I,Spike_T19I,Spike_H146Q,M_Q19E,Spike_N440K,NSP4_T492I,Spike_N460K,Spike_N679K,Spike_N764K,E_T11A,NSP6_G107del,Spike_Y505H,Spike_D796Y,N_G204R,Spike_T478K,N_S413R,M_A63T,Spike_R346T,Spike_S371F,Spike_V445P,NSP13_R392C,Spike_K417N,Spike_L368I,Spike_E583K,Spike_T376A,NSP6_S106del,NS8_G8stop,Spike_F490S,Spike_F486P,Spike_R408S,NSP4_L438F,Spike_G339H,NSP14_I42V,NSP4_L264F,Spike_P681H,Spike_Y144del,Spike_V83A,NSP3_T24I,N_S33del,NSP1_S135R,Spike_S375F,Spike_D405N,Spike_Q498R,Spike_G446S,NSP13_S36P,Spike_Q183E,Spike_S477N,N_E31del,NSP15_T112I,NSP6_F108del,Spike_E484A,E_T9I,NSP1_K47R,Spike_P26del,NSP12_P323L,Spike_D614G,Spike_G252V)
hCoV-19/USA/CT-CDC-2-6918723/2023	EPI_ISL_17305435	2023-02-07	North America / USA / Connecticut	Human		Baseline surveillance	Male	unknown	unknown		Original	Anterior nasal swab		XBB.1.5	GRA	(NSP5_P132H,NSP12_G671S,NSP3_G489S,Spike_L24del,NSP4_T327I,Spike_S373P,Spike_N969K,Spike_H655Y,N_R203K,Spike_G142D,Spike_A27S,Spike_Q954H,N_P13L,Spike_N501Y,Spike_P25del,N_R32del,Spike_V213E,NS3_T223I,Spike_T19I,Spike_H146Q,M_Q19E,Spike_N440K,NSP4_T492I,Spike_N460K,Spike_N679K,Spike_N764K,E_T11A,NSP6_G107del,Spike_Y505H,Spike_D796Y,N_G204R,Spike_T478K,N_S413R,M_A63T,Spike_R346T,Spike_S371F,NSP1_M85del,Spike_V445P,NSP13_R392C,Spike_K417N,Spike_L368I,Spike_T376A,NSP6_S106del,NS8_G8stop,Spike_F490S,Spike_F486P,Spike_R408S,NSP4_L438F,Spike_G339H,NSP14_I42V,NSP4_L264F,Spike_P681H,Spike_Y144del,Spike_V83A,NSP3_T24I,N_S33del,NSP1_S135R,Spike_S375F,Spike_D405N,Spike_Q498R,Spike_G446S,NSP13_S36P,Spike_Q183E,Spike_S477N,N_E31del,NSP1_V86del,NSP15_T112I,NSP6_F108del,Spike_E484A,E_T9I,NSP1_K47R,Spike_P26del,NSP12_P323L,Spike_D614G,Spike_G252V)
hCoV-19/USA/CT-CDC-2-6918617/2023	EPI_ISL_17305437	2023-02-08	North America / USA / Connecticut	Human		Baseline surveillance	Female	unknown	unknown		Original	Anterior nasal swab		XBB.1.5	GRA	(NSP5_P132H,NSP12_G671S,NSP3_G489S,Spike_L24del,NSP4_T327I,Spike_S373P,Spike_N969K,Spike_H655Y,N_R203K,Spike_G142D,Spike_A27S,Spike_Q954H,N_P13L,Spike_N501Y,Spike_P25del,N_R32del,Spike_V213E,NS3_T223I,Spike_T19I,Spike_H146Q,M_Q19E,Spike_N440K,NSP4_T492I,Spike_N460K,Spike_N679K,Spike_N764K,E_T11A,NSP6_G107del,Spike_Y505H,Spike_D796Y,N_G204R,Spike_T478K,N_S413R,M_A63T,NSP5_I106M,Spike_R346T,Spike_S371F,Spike_V445P,Spike_K417N,NSP13_R392C,Spike_L368I,Spike_T376A,NSP6_S106del,NS8_G8stop,Spike_F490S,Spike_F486P,Spike_R408S,NSP4_L438F,Spike_G339H,NSP14_I42V,NSP4_L264F,Spike_P681H,Spike_Y144del,Spike_V83A,NSP3_T24I,N_S33del,NSP1_S135R,Spike_S375F,Spike_D405N,Spike_Q498R,Spike_G446S,NSP13_S36P,Spike_Q183E,Spike_S477N,N_E31del,NSP15_T112I,NSP6_F108del,Spike_E484A,E_T9I,NSP1_K47R,Spike_P26del,NSP12_P323L,Spike_D614G,Spike_G252V)
hCoV-19/USA/CT-CDC-2-6918605/2023	EPI_ISL_17305446	2023-02-11	North America / USA / Connecticut	Human		Baseline surveillance	Male	unknown	unknown		Original	Anterior nasal swab		XBB.1.5	GRA	(NSP5_P132H,NSP12_G671S,NSP3_G489S,Spike_L24del,NSP4_T327I,Spike_S373P,Spike_N969K,Spike_H655Y,N_R203K,Spike_G142D,Spike_A27S,Spike_Q954H,N_P13L,Spike_N501Y,Spike_P25del,N_R32del,Spike_V213E,NS3_T223I,Spike_T19I,Spike_H146Q,M_Q19E,Spike_N440K,NSP4_T492I,Spike_N460K,Spike_N679K,Spike_N764K,E_T11A,NSP6_G107del,Spike_Y505H,Spike_D796Y,N_G204R,Spike_T478K,N_S413R,M_A63T,Spike_R346T,Spike_S371F,Spike_V445P,Spike_K417N,NSP13_R392C,Spike_L368I,Spike_T376A,NSP6_S106del,NS8_G8stop,Spike_F490S,Spike_F486P,Spike_L5F,Spike_R408S,NSP4_L438F,Spike_G339H,NSP14_I42V,NSP4_L264F,Spike_P681H,Spike_Y144del,Spike_V83A,NSP3_T24I,N_S33del,NSP1_S135R,Spike_S375F,Spike_D405N,Spike_Q498R,NSP13_S36P,Spike_Q183E,Spike_S477N,Spike_G446I,N_E31del,NSP15_T112I,NSP6_F108del,Spike_E484A,E_T9I,NSP1_K47R,Spike_P26del,NSP12_P323L,Spike_D614G,Spike_G252V)
hCoV-19/USA/CT-CDC-2-6918711/2023	EPI_ISL_17305448	2023-02-11	North America / USA / Connecticut	Human		Baseline surveillance	Female	unknown	unknown		Original	Anterior nasal swab		XBB.1.5	GRA	(NSP5_P132H,NSP12_G671S,NSP3_G489S,Spike_L24del,NSP4_T327I,Spike_S373P,Spike_N969K,Spike_H655Y,N_R203K,Spike_G142D,Spike_A27S,Spike_Q954H,N_P13L,Spike_N501Y,Spike_P25del,N_R32del,Spike_V213E,NS3_T223I,Spike_T19I,Spike_H146Q,M_Q19E,Spike_N440K,NSP4_T492I,Spike_N460K,Spike_N679K,Spike_N764K,E_T11A,NSP6_G107del,Spike_Y505H,Spike_D796Y,N_G204R,Spike_T478K,N_S413R,M_A63T,Spike_R346T,Spike_S371F,Spike_V445P,Spike_K417N,NSP13_R392C,Spike_L368I,Spike_T376A,NSP6_S106del,NS8_G8stop,Spike_F490S,Spike_F486P,Spike_R408S,NSP4_L438F,Spike_G339H,NSP14_I42V,NSP4_L264F,Spike_P681H,Spike_Y144del,Spike_V83A,NSP3_T24I,N_S33del,NSP1_S135R,Spike_S375F,Spike_D405N,Spike_Q498R,Spike_G446S,NSP13_S36P,Spike_Q183E,Spike_S477N,N_E31del,NSP15_T112I,NSP6_F108del,Spike_E484A,E_T9I,NSP1_K47R,Spike_P26del,NSP12_P323L,Spike_D614G,Spike_G252V)
hCoV-19/USA/CT-CDC-2-6918704/2023	EPI_ISL_17305449	2023-02-11	North America / USA / Connecticut	Human		Baseline surveillance	Male	unknown	unknown		Original	Anterior nasal swab		XBB.1.5	GRA	(NSP5_P132H,NSP12_G671S,NSP3_G489S,Spike_L24del,NSP4_T327I,Spike_S373P,Spike_N969K,Spike_H655Y,N_R203K,Spike_G142D,Spike_A27S,Spike_Q954H,N_P13L,Spike_N501Y,Spike_P25del,N_R32del,Spike_V213E,NS3_T223I,Spike_T19I,Spike_H146Q,M_Q19E,Spike_N440K,NSP4_T492I,Spike_N460K,Spike_N679K,Spike_N764K,E_T11A,NSP6_G107del,Spike_Y505H,Spike_D796Y,N_G204R,Spike_T478K,N_S413R,M_A63T,Spike_R346T,Spike_S371F,Spike_V445P,NSP13_R392C,Spike_K417N,Spike_L368I,Spike_T376A,NSP6_S106del,NS8_G8stop,Spike_F490S,Spike_F486P,Spike_R408S,NSP4_L438F,Spike_G339H,NSP14_I42V,NSP4_L264F,Spike_P681H,Spike_Y144del,Spike_V83A,NSP3_T24I,N_S33del,NSP1_S135R,Spike_S375F,Spike_D405N,Spike_Q498R,Spike_G446S,NSP13_S36P,Spike_Q183E,Spike_S477N,N_E31del,NSP15_T112I,NSP6_F108del,Spike_E484A,E_T9I,NSP1_K47R,Spike_P26del,NSP12_P323L,Spike_D614G,Spike_V36I,Spike_G252V)
hCoV-19/USA/CT-CDC-2-6918716/2023	EPI_ISL_17305476	2023-02-14	North America / USA / Connecticut	Human		Baseline surveillance	Female	unknown	unknown		Original	Anterior nasal swab		XBB.1.5	GRA	(NSP5_P132H,NSP12_G671S,NSP3_G489S,Spike_L24del,NSP4_T327I,Spike_S373P,Spike_N969K,Spike_H655Y,N_R203K,Spike_G142D,Spike_A27S,Spike_Q954H,N_P13L,Spike_N501Y,Spike_P25del,N_R32del,Spike_V213E,NS3_T223I,Spike_T19I,Spike_H146Q,M_Q19E,Spike_N440K,NSP4_T492I,Spike_N460K,Spike_N679K,Spike_N764K,E_T11A,NSP6_G107del,Spike_Y505H,Spike_D796Y,N_G204R,N_S413R,M_A63T,Spike_T478R,Spike_R346T,Spike_S371F,NSP15_E220A,Spike_V445P,NSP13_R392C,Spike_K417N,Spike_L368I,Spike_T376A,NSP6_S106del,NS8_G8stop,Spike_F490S,Spike_F486P,Spike_R408S,NSP4_L438F,Spike_G339H,NSP14_I42V,NSP4_L264F,Spike_P681H,Spike_Y144del,Spike_V83A,NSP3_T24I,N_S33del,NSP1_S135R,Spike_S375F,Spike_D405N,Spike_Q498R,Spike_G446S,NSP13_S36P,Spike_Q183E,Spike_S477N,N_E31del,NSP15_T112I,NSP6_F108del,Spike_E484A,E_T9I,NSP1_K47R,Spike_P26del,NSP12_P323L,Spike_D614G,Spike_G252V)
hCoV-19/USA/CT-CDC-2-6918611/2023	EPI_ISL_17305491	2023-02-16	North America / USA / Connecticut	Human		Baseline surveillance	Male	unknown	unknown		Original	Anterior nasal swab		XBB.1.5	GRA	(NSP5_P132H,NSP12_G671S,NSP3_G489S,Spike_L24del,NSP4_T327I,NSP3_L1359I,Spike_S373P,Spike_N969K,Spike_H655Y,N_R203K,Spike_G142D,Spike_A27S,Spike_Q954H,Spike_N501Y,Spike_P25del,N_R32del,Spike_V213E,NS3_T223I,Spike_T19I,Spike_H146Q,M_Q19E,Spike_N440K,N_P13F,NSP4_T492I,Spike_N460K,Spike_N679K,Spike_N764K,E_T11A,NSP6_G107del,Spike_Y505H,Spike_D796Y,N_G204R,Spike_T478K,N_S413R,M_A63T,Spike_R346T,NS3_V255del,Spike_S371F,Spike_V445P,NSP13_R392C,Spike_K417N,Spike_L368I,Spike_T376A,NSP6_S106del,NS8_G8stop,Spike_F490S,Spike_F486P,Spike_R408S,NSP4_L438F,Spike_G339H,NSP14_I42V,NSP4_L264F,Spike_P681H,Spike_Y144del,Spike_V83A,NSP3_T24I,N_S33del,NSP1_S135R,Spike_S375F,Spike_D405N,Spike_Q498R,Spike_G446S,NSP13_S36P,Spike_Q183E,Spike_S477N,N_E31del,NSP15_T112I,NSP6_F108del,Spike_E484A,Spike_T573I,E_T9I,NSP1_K47R,Spike_P26del,NSP12_P323L,Spike_D614G,Spike_G252V)
hCoV-19/USA/CT-CDC-2-6918701/2023	EPI_ISL_17305494	2023-02-16	North America / USA / Connecticut	Human		Baseline surveillance	Female	unknown	unknown		Original	Anterior nasal swab		XBB.1.5	GRA	(NSP5_P132H,NSP12_G671S,NSP3_G489S,Spike_L24del,NSP4_T327I,Spike_S373P,Spike_N969K,Spike_H655Y,N_R203K,Spike_G142D,Spike_A27S,NSP2_T429I,Spike_Q954H,N_P13L,Spike_N501Y,Spike_P25del,N_R32del,Spike_V213E,NS3_T223I,Spike_T19I,Spike_H146Q,M_Q19E,Spike_N440K,NSP4_T492I,Spike_N460K,Spike_N679K,Spike_N764K,E_T11A,NSP6_G107del,Spike_Y505H,Spike_D796Y,N_G204R,Spike_T478K,N_S413R,M_A63T,Spike_R346T,Spike_S371F,Spike_V445P,NSP13_R392C,Spike_K417N,Spike_L368I,Spike_T376A,NSP6_S106del,NS8_G8stop,Spike_F490S,Spike_F486P,Spike_R408S,NSP4_L438F,Spike_G339H,NSP14_I42V,NSP4_L264F,Spike_P681H,Spike_Y144del,Spike_V83A,NSP3_T24I,N_S33del,NSP1_S135R,Spike_S375F,Spike_D405N,Spike_Q498R,Spike_G446S,NSP13_S36P,Spike_Q183E,Spike_S477N,N_E31del,NSP15_T112I,NSP6_F108del,Spike_E484A,E_T9I,NSP1_K47R,Spike_P26del,NSP12_P323L,Spike_D614G,Spike_G252V)
hCoV-19/USA/CT-YPL23-1400/2023	EPI_ISL_17319705	2023-03-17	North America / USA / Connecticut	Human			Female	100	unknown		Original	Nasopharyngeal swab		XBB.1.5	GRA	(NSP5_P132H,NSP12_G671S,NSP3_G489S,Spike_L24del,NSP4_T327I,Spike_S373P,Spike_N969K,Spike_H655Y,N_R203K,Spike_G142D,Spike_A27S,Spike_Q954H,N_P13L,Spike_N501Y,Spike_P25del,N_R32del,Spike_V213E,NS3_T223I,Spike_T19I,Spike_H146Q,M_Q19E,Spike_N440K,NSP4_T492I,Spike_N460K,Spike_N679K,Spike_N764K,E_T11A,NSP6_G107del,Spike_Y505H,Spike_D796Y,N_G204R,Spike_T478K,N_S413R,Spike_K195N,M_A63T,NSP14_P443T,Spike_R346T,Spike_S371F,Spike_V445P,N_T165I,NSP13_R392C,Spike_K417N,Spike_L368I,Spike_T376A,NSP6_S106del,NS8_G8stop,NSP2_A419V,Spike_F490S,Spike_F486P,Spike_R408S,NSP4_L438F,Spike_G339H,NSP14_I42V,NSP4_L264F,Spike_P681H,Spike_Y144del,Spike_V83A,NSP3_T24I,N_S33del,NSP1_S135R,Spike_S375F,Spike_D405N,Spike_Q498R,Spike_G446S,NSP13_S36P,Spike_Q183E,Spike_S477N,N_E31del,NSP15_T112I,NSP6_F108del,Spike_E484A,E_T9I,NSP1_K47R,Spike_P26del,NSP12_P323L,Spike_D614G,Spike_G252V)
hCoV-19/USA/CT-YPL23-1357/2023	EPI_ISL_17319706	2023-03-13	North America / USA / Connecticut	Human			Male	23	unknown		Original	Nasopharyngeal swab		XBB.1.5	GRA	(NSP5_P132H,NSP12_G671S,NSP3_G489S,Spike_L24del,NSP4_T327I,Spike_S373P,Spike_N969K,Spike_H655Y,N_R203K,Spike_G142D,Spike_A27S,Spike_Q954H,N_P13L,Spike_N501Y,Spike_P25del,N_R32del,Spike_V213E,NS3_T223I,Spike_T19I,Spike_H146Q,M_Q19E,Spike_N440K,NSP4_T492I,Spike_N460K,Spike_N679K,Spike_N764K,E_T11A,NSP6_G107del,Spike_Y505H,Spike_D796Y,N_G204R,Spike_T478K,N_S413R,M_A63T,Spike_R346T,Spike_S371F,Spike_V445P,NSP13_R392C,Spike_K417N,Spike_L368I,Spike_T376A,NSP6_S106del,Spike_F490S,Spike_F486P,Spike_R408S,NSP4_L438F,Spike_G339H,NSP14_I42V,NSP4_L264F,Spike_P681H,Spike_Y144del,Spike_V83A,NSP3_T24I,N_S33del,NSP1_S135R,Spike_S375F,Spike_D405N,Spike_Q498R,Spike_G446S,NSP13_S36P,Spike_Q183E,Spike_S477N,N_E31del,NSP15_T112I,NSP6_F108del,Spike_T323I,Spike_E484A,E_T9I,NSP1_K47R,Spike_P26del,NSP12_P323L,Spike_D614G,Spike_G252V,NSP3_S1467F)
hCoV-19/USA/CT-YPL23-1388/2023	EPI_ISL_17319707	2023-03-14	North America / USA / Connecticut	Human			Female	57	unknown		Original	Nasopharyngeal swab		BN.1	GRA	(NSP5_P132H,NSP12_G671S,NSP3_G489S,Spike_L24del,NSP4_T327I,Spike_S373P,Spike_N969K,Spike_H655Y,N_R203K,Spike_V213G,Spike_W152R,Spike_G142D,Spike_A27S,Spike_Q954H,N_P13L,Spike_N501Y,Spike_P25del,N_R32del,NS3_T223I,Spike_T19I,M_Q19E,Spike_N440K,NSP4_T492I,Spike_N460K,Spike_F157L,NSP3_S403L,Spike_K147E,Spike_N679K,Spike_N764K,E_T11A,NSP6_G107del,Spike_Y505H,Spike_D796Y,N_G204R,Spike_T478K,N_S413R,M_A63T,Spike_R346T,Spike_S371F,Spike_G257S,NSP13_R392C,Spike_K417N,Spike_T376A,NSP6_S106del,Spike_F490S,Spike_I210V,Spike_K356T,Spike_R408S,NSP4_L438F,Spike_G339H,NSP4_L264F,Spike_P681H,NSP3_T24I,N_S33del,NSP1_S135R,Spike_S375F,Spike_D405N,Spike_Q498R,Spike_G446S,Spike_S477N,N_E31del,NSP15_T112I,NSP6_F108del,Spike_E484A,E_T9I,NSP2_P17S,Spike_P26del,NSP3_I388T,NSP12_P323L,Spike_D614G,NSP8_N118S,NSP3_P822S)
hCoV-19/USA/CT-YPL23-1346/2023	EPI_ISL_17319708	2023-03-08	North America / USA / Connecticut	Human			Female	66	unknown		Original	Nasopharyngeal swab		BQ.1.1.32	GRA	(NSP5_P132H,Spike_H69del,NSP3_G489S,Spike_L24del,NSP4_T327I,Spike_S373P,Spike_N969K,Spike_H655Y,N_R203K,Spike_V213G,Spike_G142D,Spike_A27S,Spike_Q954H,N_P13L,Spike_N501Y,Spike_P25del,N_R32del,NS3_T223I,Spike_T19I,M_Q19E,Spike_N440K,NSP4_T492I,Spike_N460K,N_E136D,M_D3N,Spike_N679K,Spike_N764K,NSP6_G107del,Spike_Y505H,NSP13_N268S,Spike_D796Y,N_G204R,Spike_T478K,N_S413R,NSP6_L260F,M_A63T,Spike_R346T,NSP2_Q376K,Spike_S371F,Spike_K417N,NSP13_R392C,Spike_F486V,Spike_T376A,NSP6_S106del,Spike_G339D,Spike_R408S,NSP14_I42V,NSP4_L264F,Spike_P681H,Spike_Y144del,NSP13_M233I,NSP3_T24I,N_S33del,NSP1_S135R,Spike_S375F,Spike_D405N,Spike_Q498R,Spike_S477N,N_E31del,NSP12_Y273H,NSP15_T112I,NSP6_F108del,Spike_E484A,Spike_M153I,E_T9I,Spike_K444T,Spike_V70del,Spike_P26del,NSP12_P323L,Spike_D614G,Spike_L452R)
hCoV-19/USA/CT-YPL23-1397/2023	EPI_ISL_17319709	2023-03-15	North America / USA / Connecticut	Human			Female	14	unknown		Original	Nasopharyngeal swab		XBB.1.5	GRA	(NSP5_P132H,NS3_S60F,NSP12_G671S,NSP3_G489S,Spike_L24del,NSP4_T327I,NSP14_H330Y,Spike_S373P,Spike_N969K,Spike_H655Y,Spike_G142D,Spike_A27S,Spike_Q954H,N_P13L,Spike_N501Y,Spike_P25del,N_R32del,NS3_T223I,Spike_T19I,Spike_H146Q,M_Q19E,NSP4_T492I,Spike_N679K,Spike_N764K,E_T11A,NSP6_G107del,Spike_Y505H,NS3_T32I,Spike_D796Y,Spike_T478K,M_A63T,Spike_S371F,NSP13_R392C,Spike_T376A,NSP6_S106del,Spike_F490S,Spike_F486P,Spike_L5F,NSP4_L438F,NSP14_I42V,Spike_P681H,NSP4_L264F,Spike_Y144del,Spike_V83A,N_S33del,NSP1_S135R,Spike_S375F,Spike_D405N,Spike_Q498R,Spike_S477N,N_E31del,NSP15_T112I,NSP6_F108del,Spike_E484A,E_T9I,NSP1_K47R,Spike_P26del,NSP12_P323L,Spike_D614G)
hCoV-19/USA/CT-YPL23-1352/2023	EPI_ISL_17319710	2023-03-11	North America / USA / Connecticut	Human			Male	78	unknown		Original	Nasopharyngeal swab		XBB.1.5	GRA	(NSP5_P132H,NSP12_G671S,NSP3_G489S,Spike_L24del,NSP4_T327I,Spike_N969K,Spike_H655Y,N_R203K,Spike_G142D,Spike_A27S,Spike_Q954H,N_P13L,Spike_N501Y,Spike_P25del,N_R32del,Spike_V213E,NS3_T223I,Spike_T19I,Spike_H146Q,M_Q19E,NSP4_T492I,Spike_N460K,Spike_N679K,Spike_N764K,E_T11A,NSP6_G107del,Spike_Y505H,Spike_D796Y,N_G204R,Spike_T478K,N_S413R,M_A63T,Spike_R346T,Spike_V445P,NSP4_L438S,NSP13_R392C,NSP6_S106del,Spike_F490S,Spike_F486P,Spike_G339H,NSP14_I42V,NSP4_L264F,Spike_P681H,Spike_Y144del,Spike_V83A,NSP3_T24I,N_S33del,NSP1_S135R,Spike_Q498R,Spike_G446S,NSP13_S36P,Spike_Q183E,Spike_S477N,N_E31del,NSP15_T112I,NSP6_F108del,Spike_E484A,Spike_T573I,E_T9I,NSP1_K47R,NSP3_S1285F,Spike_P26del,NSP12_P323L,Spike_D614G,Spike_G252V)
hCoV-19/USA/CT-YPL23-1353/2023	EPI_ISL_17319711	2023-03-11	North America / USA / Connecticut	Human			Male	35	unknown		Original	Nasopharyngeal swab		XBB.1.5	GRA	(NSP5_P132H,NSP12_G671S,NSP3_G489S,Spike_L24del,NSP4_T327I,Spike_N969K,Spike_H655Y,N_R203K,Spike_G142D,Spike_A27S,Spike_Q954H,N_P13L,Spike_N501Y,Spike_P25del,N_R32del,Spike_V213E,NS3_T223I,Spike_T19I,Spike_H146Q,M_Q19E,Spike_N440K,NSP4_T492I,Spike_N460K,Spike_N679K,Spike_N764K,E_T11A,NSP6_G107del,Spike_Y505H,Spike_D796Y,N_G204R,Spike_T478K,M_A63T,Spike_R346T,NS3_A59T,NSP13_R392C,Spike_L368I,NS3_T151N,Spike_T376A,NSP6_S106del,Spike_V445H,Spike_F490S,Spike_F486P,Spike_R408S,NSP4_L438F,Spike_G339H,NSP14_I42V,NSP4_L264F,Spike_P681H,Spike_Y144del,Spike_V83A,NSP3_T24I,N_S33del,NSP1_S135R,Spike_S375F,Spike_Q498R,Spike_G446S,NSP16_L126F,NSP13_S36P,Spike_Q183E,Spike_G72W,Spike_S477N,N_E31del,NSP15_T112I,NSP6_F108del,Spike_E484A,E_T9I,NSP1_K47R,Spike_P26del,NSP12_P323L,Spike_D614G,Spike_G252V)
hCoV-19/USA/CT-YPL23-1404/2023	EPI_ISL_17319712	2023-03-20	North America / USA / Connecticut	Human			Female	56	unknown		Original	Nasopharyngeal swab		XBB.1.5	GRA	(NSP5_P132H,NSP12_G671S,NSP3_G489S,Spike_L24del,NSP4_T327I,Spike_S373P,Spike_N969K,Spike_H655Y,N_R203K,Spike_G142D,Spike_A27S,Spike_Q954H,N_P13L,Spike_N501Y,Spike_P25del,N_R32del,Spike_V213E,NS3_T223I,Spike_T19I,Spike_H146Q,M_Q19E,Spike_N440K,NSP4_T492I,Spike_N460K,Spike_N679K,Spike_N764K,E_T11A,NSP6_G107del,Spike_Y505H,Spike_D796Y,N_G204R,Spike_T478K,M_A63T,Spike_R346T,Spike_S371F,NSP1_M85del,Spike_V445P,NSP13_R392C,Spike_K417N,Spike_L368I,Spike_T376A,NSP6_S106del,Spike_F490S,Spike_F486P,Spike_R408S,NSP4_L438F,Spike_G339H,NSP14_I42V,NSP4_L264F,Spike_P681H,Spike_Y144del,Spike_V83A,NSP3_T24I,N_S33del,NSP1_S135R,Spike_S375F,Spike_D405N,Spike_Q498R,Spike_G446S,NSP13_S36P,Spike_Q183E,Spike_S477N,N_E31del,NSP15_T112I,NSP6_F108del,Spike_E484A,E_T9I,NSP1_K47R,Spike_P26del,NSP12_P323L,Spike_D614G,Spike_G252V)
hCoV-19/USA/CT-YPL23-1399/2023	EPI_ISL_17319713	2023-03-18	North America / USA / Connecticut	Human			Male	35	unknown		Original	Nasopharyngeal swab		XBB.1.5	GRA	(NSP5_P132H,NSP12_G671S,NSP3_G489S,Spike_L24del,NSP4_T327I,Spike_S373P,Spike_N969K,Spike_H655Y,N_R203K,Spike_G142D,Spike_A27S,Spike_Q954H,N_P13L,Spike_N501Y,Spike_P25del,N_R32del,Spike_V213E,NS3_T223I,Spike_T19I,Spike_H146Q,M_Q19E,Spike_N440K,NSP4_T492I,Spike_N460K,NSP1_R124C,Spike_N679K,Spike_N764K,E_T11A,NSP6_G107del,Spike_Y505H,Spike_D796Y,N_G204R,Spike_T478K,M_A63T,Spike_Q836R,Spike_R346T,Spike_S371F,Spike_V445P,NSP13_R392C,Spike_K417N,Spike_L368I,Spike_T376A,NSP6_S106del,Spike_F490S,Spike_F486P,Spike_R408S,NSP4_L438F,Spike_G339H,NSP14_I42V,NSP4_L264F,Spike_P681H,Spike_Y144del,Spike_V83A,NSP3_T24I,N_S33del,NSP1_S135R,Spike_S375F,Spike_D405N,Spike_Q498R,Spike_G446S,NSP13_S36P,Spike_Q183E,NSP15_D91Y,Spike_S477N,N_E31del,NSP15_T112I,NSP6_F108del,Spike_E484A,E_T9I,NSP1_K47R,Spike_P26del,NSP12_P323L,Spike_D614G,Spike_G252V)
hCoV-19/USA/CT-YPL23-1339/2023	EPI_ISL_17319714	2023-03-07	North America / USA / Connecticut	Human			Male	27	unknown		Original	Nasopharyngeal swab		XBB.1.9.1	GRA	(NSP5_P132H,NSP12_G671S,NSP3_G489S,Spike_L24del,NSP4_T327I,Spike_N969K,Spike_H655Y,N_R203K,Spike_G142D,Spike_A27S,Spike_Q954H,N_P13L,Spike_N501Y,Spike_P25del,N_R32del,Spike_V213E,NS3_T223I,Spike_T19I,Spike_H146Q,M_Q19E,NSP4_T492I,Spike_N679K,Spike_N764K,E_T11A,NSP6_G107del,Spike_Y505H,Spike_D796Y,N_G204R,Spike_T478K,M_A63T,NSP15_V172I,Spike_R346T,NSP13_R392C,NSP13_Y71C,NSP6_S106del,NSP3_P1719S,Spike_F486P,NSP4_L438F,Spike_G339H,NSP14_I42V,NSP4_L264F,Spike_P681H,Spike_Y144del,Spike_V83A,N_S33del,NSP1_S135R,NSP3_G1001S,NSP13_S36P,Spike_Q183E,N_E31del,NSP15_T112I,NSP6_F108del,Spike_E484A,E_T9I,NSP3_T763M,NSP1_K47R,Spike_P26del,NSP9_T35I,NSP12_P323L,Spike_D614G,Spike_G252V)
hCoV-19/USA/CT-YPL23-1344/2023	EPI_ISL_17319715	2023-03-08	North America / USA / Connecticut	Human			Female	62	unknown		Original	Nasopharyngeal swab		XBB.1.5	GRA	(NSP5_P132H,NS7b_F19L,NSP12_G671S,NSP3_G489S,Spike_L24del,NSP4_T327I,Spike_S373P,Spike_N969K,Spike_H655Y,N_R203K,Spike_G142D,Spike_A27S,Spike_Q954H,N_P13L,Spike_N501Y,Spike_P25del,N_R32del,Spike_V213E,NS3_T223I,Spike_T19I,Spike_H146Q,M_Q19E,Spike_N440K,NSP13_L428F,NSP4_T492I,Spike_N460K,NS7b_S31L,Spike_N679K,Spike_N764K,E_T11A,NSP6_G107del,Spike_Y505H,Spike_D796Y,N_G204R,Spike_T478K,N_S413R,M_A63T,Spike_R346T,Spike_S371F,Spike_V445P,NSP13_R392C,Spike_K417N,Spike_L368I,Spike_T376A,NSP6_S106del,NS8_G8stop,Spike_F490S,Spike_F486P,Spike_R408S,NSP4_L438F,Spike_G339H,NSP14_I42V,NSP4_L264F,Spike_P681H,Spike_Y144del,Spike_V83A,NSP3_T24I,N_S33del,NSP1_S135R,Spike_S375F,Spike_D405N,Spike_Q498R,Spike_G446S,NSP13_S36P,Spike_Q183E,Spike_S477N,N_E31del,NSP15_T112I,NSP6_F108del,Spike_E484A,Spike_T573I,E_T9I,NSP1_K47R,Spike_P26del,NSP12_P323L,Spike_D614G,Spike_G252V)
hCoV-19/USA/CT-YPL23-1348/2023	EPI_ISL_17319716	2023-03-11	North America / USA / Connecticut	Human			Female	73	unknown		Original	Nasopharyngeal swab		XBB.1.5	GRA	(NSP5_P132H,NSP12_G671S,NSP3_G489S,Spike_L24del,NSP4_T327I,Spike_S373P,Spike_N969K,Spike_H655Y,N_R203K,Spike_G142D,Spike_A27S,Spike_Q954H,N_P13L,Spike_N501Y,Spike_P25del,N_R32del,NSP12_N9K,Spike_V213E,NS3_T223I,Spike_T19I,Spike_H146Q,M_Q19E,Spike_N440K,NSP4_T492I,Spike_N460K,Spike_N679K,Spike_N764K,E_T11A,NSP6_G107del,Spike_Y505H,Spike_D796Y,N_G204R,Spike_T478K,N_S413R,M_A63T,Spike_R346T,Spike_S371F,N_G18S,Spike_V445P,NSP13_R392C,Spike_K417N,Spike_L368I,Spike_T376A,NSP6_S106del,NS8_G8stop,Spike_F490S,NSP3_E1271D,Spike_F486P,Spike_R408S,NSP4_L438F,Spike_G339H,NSP14_I42V,NSP4_L264F,Spike_P681H,Spike_Y144del,Spike_V83A,NSP3_T24I,N_S33del,NSP1_S135R,Spike_S375F,Spike_D405N,Spike_Q498R,Spike_G446S,NSP13_S36P,Spike_Q183E,Spike_S477N,N_E31del,NSP15_T112I,NSP6_F108del,Spike_E484A,E_T9I,NSP1_K47R,Spike_P26del,NSP12_P323L,Spike_D614G,Spike_G252V,NSP12_L8F)
hCoV-19/USA/CT-YPL23-1349/2023	EPI_ISL_17319717	2023-03-11	North America / USA / Connecticut	Human			Male	43	unknown		Original	Nasopharyngeal swab		XBB.1.5	GRA	(NSP5_P132H,NSP1_R99C,NSP12_G671S,NSP3_G489S,Spike_L24del,NSP4_T327I,Spike_S373P,Spike_N969K,Spike_H655Y,N_R203K,Spike_G142D,NSP13_D344G,Spike_A27S,Spike_Q954H,N_P13L,Spike_N501Y,Spike_P25del,N_R32del,Spike_V213E,NS3_T223I,Spike_T19I,Spike_H146Q,M_Q19E,Spike_N440K,NSP4_T492I,Spike_N460K,Spike_N679K,Spike_N764K,E_T11A,NSP14_A119V,NSP6_G107del,Spike_Y505H,Spike_D796Y,N_G204R,Spike_T478K,N_S413R,M_A63T,Spike_R346T,Spike_S371F,Spike_V445P,NSP13_R392C,Spike_K417N,Spike_L368I,Spike_T376A,NSP6_S106del,NS8_G8stop,Spike_F490S,Spike_F486P,Spike_R408S,NSP4_L438F,Spike_G339H,NSP14_I42V,NSP4_L264F,Spike_P681H,Spike_Y144del,Spike_V83A,NSP3_T24I,N_S33del,NSP1_S135R,Spike_S375F,Spike_D405N,Spike_Q498R,Spike_G446S,NSP13_S36P,Spike_Q183E,Spike_S477N,N_E31del,NSP15_T112I,NSP6_F108del,Spike_E484A,E_T9I,NSP1_K47R,Spike_P26del,NSP12_P323L,Spike_D614G,Spike_G252V)
hCoV-19/USA/CT-YPL23-1386/2023	EPI_ISL_17319718	2023-03-13	North America / USA / Connecticut	Human			Female	77	unknown		Original	Nasopharyngeal swab		XBB.1.5	GRA	(NSP5_P132H,NSP12_G671S,NSP3_G489S,Spike_L24del,NS3_L85F,NSP4_T327I,Spike_S373P,Spike_N969K,Spike_H655Y,N_R203K,Spike_G142D,NSP14_V182I,Spike_A27S,Spike_Q954H,N_P13L,Spike_N501Y,Spike_P25del,N_R32del,Spike_V213E,NS3_T223I,Spike_T19I,Spike_H146Q,M_Q19E,Spike_N440K,NSP4_T492I,Spike_N460K,Spike_N679K,Spike_N764K,E_T11A,NSP6_G107del,Spike_Y505H,Spike_D796Y,N_G204R,Spike_T478K,N_S413R,M_A63T,Spike_R346T,Spike_P521T,Spike_S371F,Spike_V445P,NSP13_R392C,Spike_K417N,Spike_L368I,Spike_T376A,NSP6_S106del,Spike_V772I,NS8_G8stop,Spike_F490S,Spike_F486P,Spike_R408S,NSP4_L438F,Spike_G339H,NSP14_I42V,NSP4_L264F,Spike_P681H,Spike_Y144del,Spike_V83A,NSP3_T24I,N_S33del,NSP1_S135R,Spike_S375F,Spike_D405N,Spike_Q498R,Spike_G446S,NSP13_S36P,Spike_Q183E,Spike_S477N,N_E31del,NSP15_T112I,NSP6_F108del,Spike_E484A,Spike_S514A,E_T9I,NSP1_K47R,Spike_P26del,NSP12_P323L,Spike_D614G,Spike_G252V)
hCoV-19/USA/CT-YPL23-1390/2023	EPI_ISL_17319719	2023-03-14	North America / USA / Connecticut	Human			Female	58	unknown		Original	Nasopharyngeal swab		XBB.1.5	GRA	(NSP5_P132H,NSP12_G671S,NSP3_G489S,Spike_L24del,NSP4_T327I,Spike_S373P,Spike_N969K,Spike_H655Y,N_R203K,Spike_G142D,Spike_A27S,Spike_Q954H,N_P13L,Spike_N501Y,Spike_P25del,N_R32del,Spike_V213E,NS3_T223I,Spike_T19I,Spike_H146Q,M_Q19E,Spike_N440K,NSP4_T492I,Spike_N460K,Spike_N679K,Spike_N764K,E_T11A,NSP6_G107del,Spike_Y505H,Spike_D796Y,N_G204R,Spike_T478K,N_S413R,M_A63T,NSP6_L37F,Spike_R346T,Spike_S371F,Spike_V445P,NSP13_R392C,Spike_K417N,Spike_L368I,Spike_T376A,NSP6_S106del,NS8_G8stop,Spike_F490S,Spike_F486P,Spike_R408S,NSP4_L438F,Spike_G339H,NSP14_I42V,NSP4_L264F,Spike_P681H,Spike_Y144del,Spike_V83A,NSP3_T24I,N_S33del,NSP1_S135R,Spike_S375F,Spike_D405N,Spike_Q498R,Spike_G446S,NSP13_S36P,Spike_Q183E,Spike_S477N,N_E31del,NSP15_T112I,NSP6_F108del,Spike_E484A,E_T9I,NSP1_K47R,Spike_P26del,NSP12_P323L,Spike_D614G,Spike_G252V)
hCoV-19/USA/CT-YPL23-1391/2023	EPI_ISL_17319720	2023-03-15	North America / USA / Connecticut	Human			Male	58	unknown		Original	Nasopharyngeal swab		XBB.1.5	GRA	(NSP5_P132H,NSP12_G671S,NSP3_G489S,Spike_L24del,NSP4_T327I,Spike_S373P,Spike_N969K,Spike_H655Y,N_R203K,Spike_G142D,Spike_A27S,Spike_Q954H,N_P13L,Spike_N501Y,Spike_P25del,N_R32del,Spike_V213E,NS3_T223I,Spike_T19I,Spike_H146Q,M_Q19E,Spike_N440K,NSP4_T492I,Spike_N460K,Spike_N679K,Spike_N764K,E_T11A,NSP6_G107del,Spike_Y505H,Spike_D796Y,N_G204R,Spike_T478K,N_S413R,M_A63T,Spike_R346T,Spike_S371F,NS3_A59T,Spike_V445P,Spike_K417N,NSP13_R392C,Spike_L368I,Spike_T376A,NSP6_S106del,NS8_G8stop,Spike_F490S,Spike_F486P,Spike_R408S,NSP4_L438F,Spike_G339H,NSP14_I42V,NSP4_L264F,Spike_P681H,Spike_Y144del,Spike_V83A,NSP3_T24I,N_S33del,NSP1_S135R,Spike_S375F,Spike_D405N,Spike_Q498R,Spike_G446S,NSP13_S36P,Spike_Q183E,Spike_S477N,N_E31del,NSP15_T112I,NSP6_F108del,Spike_E484A,E_T9I,NSP1_K47R,Spike_P26del,NSP12_P323L,Spike_D614G,Spike_G252V)
hCoV-19/USA/CT-YPL23-1394/2023	EPI_ISL_17319721	2023-03-16	North America / USA / Connecticut	Human			Male	65	unknown		Original	Nasopharyngeal swab		XBB.1.5	GRA	(NSP5_P132H,NSP12_G671S,NSP3_G489S,Spike_L24del,NSP4_T327I,Spike_S373P,Spike_N969K,Spike_H655Y,N_R203K,Spike_G142D,Spike_A27S,Spike_Q954H,N_P13L,Spike_N501Y,Spike_P25del,N_R32del,Spike_V213E,NS3_T223I,Spike_T19I,Spike_H146Q,M_Q19E,Spike_N440K,NSP4_T492I,Spike_N460K,Spike_F157L,Spike_N679K,Spike_N764K,E_T11A,NSP6_G107del,Spike_Y505H,Spike_D796Y,N_G204R,Spike_T478K,N_S413R,M_A63T,Spike_R346T,Spike_S371F,Spike_V445P,NSP13_R392C,Spike_K417N,Spike_L368I,Spike_T376A,NSP6_S106del,NS8_G8stop,Spike_F490S,Spike_F486P,Spike_R408S,NSP4_L438F,Spike_G339H,NSP14_I42V,NSP4_L264F,Spike_P681H,Spike_Y144del,Spike_V83A,NSP3_T24I,N_S33del,NSP1_S135R,Spike_S375F,Spike_D405N,Spike_Q498R,Spike_G446S,NSP13_S36P,Spike_Q183E,Spike_S477N,N_E31del,NSP15_T112I,NSP6_F108del,Spike_E484A,E_T9I,NSP1_K47R,Spike_P26del,NSP12_P323L,Spike_D614G,Spike_G252V,NSP4_I379V)
hCoV-19/USA/CT-YPL23-1396/2023	EPI_ISL_17319722	2023-03-16	North America / USA / Connecticut	Human			Male	96	unknown		Original	Nasopharyngeal swab		XBB.1.5	GRA	(NSP5_P132H,NSP12_G671S,NSP3_G489S,Spike_L24del,NSP4_T327I,Spike_S373P,Spike_N969K,Spike_H655Y,N_R203K,Spike_G142D,Spike_A27S,Spike_Q954H,N_P13L,Spike_N501Y,Spike_P25del,N_R32del,NSP12_N9K,Spike_V213E,NS3_T223I,Spike_T19I,Spike_H146Q,M_Q19E,Spike_S98F,Spike_N440K,NSP4_T492I,Spike_N460K,Spike_N679K,Spike_N764K,E_T11A,NSP6_G107del,Spike_Y505H,Spike_D796Y,N_G204R,Spike_T478K,N_S413R,M_A63T,Spike_R346T,Spike_S371F,N_G18S,Spike_V445P,NSP13_R392C,Spike_K417N,Spike_L368I,Spike_T376A,NSP6_S106del,NS8_G8stop,Spike_F490S,NSP3_E1271D,Spike_F486P,Spike_R408S,NSP4_L438F,Spike_G339H,M_H155Y,NSP14_I42V,NSP4_L264F,Spike_P681H,Spike_Y144del,Spike_V83A,NSP3_T24I,N_S33del,NSP1_S135R,Spike_S375F,Spike_D405N,Spike_Q498R,Spike_G446S,NSP13_S36P,Spike_Q183E,Spike_S477N,N_E31del,NSP15_T112I,NSP6_F108del,Spike_E484A,E_T9I,NSP1_K47R,Spike_P26del,NSP12_P323L,Spike_D614G,Spike_G252V,NSP12_L8F)
hCoV-19/USA/CT-YPL23-1350/2023	EPI_ISL_17319723	2023-03-11	North America / USA / Connecticut	Human			Female	24	unknown		Original	Nasopharyngeal swab		XBB.1.5	GRA	(NSP5_P132H,NSP12_G671S,NSP3_G489S,Spike_L24del,NSP4_T327I,Spike_S373P,Spike_N969K,Spike_H655Y,N_R203K,Spike_G142D,NSP1_M85V,Spike_A27S,NSP2_P602L,Spike_Q954H,N_P13L,NSP1_H83del,Spike_N501Y,Spike_P25del,N_R32del,Spike_V213E,NS3_T223I,Spike_T19I,Spike_H146Q,M_Q19E,Spike_N440K,NSP4_T492I,Spike_N460K,Spike_N679K,Spike_N764K,E_T11A,NSP6_G107del,Spike_Y505H,NSP1_V84del,Spike_D796Y,N_G204R,Spike_T478K,N_S413R,M_A63T,Spike_R346T,Spike_S371F,Spike_V445P,NSP13_R392C,Spike_K417N,Spike_L368I,Spike_T376A,NSP6_S106del,NS8_G8stop,Spike_F490S,Spike_F486P,Spike_R408S,NSP4_L438F,Spike_G339H,NSP14_I42V,NSP4_L264F,Spike_P681H,Spike_Y144del,Spike_V83A,NSP3_T24I,NSP1_G82del,N_S33del,NS3_D222V,NSP1_S135R,Spike_S375F,Spike_D405N,Spike_Q498R,Spike_G446S,NSP13_S36P,Spike_Q183E,Spike_S477N,N_E31del,NSP15_T112I,NSP6_F108del,Spike_E484A,E_T9I,NSP1_K47R,Spike_P26del,NSP12_P323L,Spike_D614G,Spike_G252V)
hCoV-19/USA/CT-YPL23-1401/2023	EPI_ISL_17319724	2023-03-19	North America / USA / Connecticut	Human			Female	55	unknown		Original	Nasopharyngeal swab		XBB.1.5	GRA	(NSP5_P132H,NSP12_G671S,NSP3_G489S,Spike_L24del,NSP4_T327I,Spike_S373P,NSP13_D207G,Spike_N969K,Spike_H655Y,N_R203K,Spike_G142D,Spike_A27S,Spike_Q954H,N_P13L,Spike_N501Y,Spike_P25del,N_R32del,Spike_V213E,NS3_T223I,Spike_T19I,NSP2_R218C,Spike_H146Q,M_Q19E,Spike_N440K,NSP4_T492I,Spike_N460K,Spike_F157L,Spike_N679K,Spike_N764K,E_T11A,NSP6_G107del,Spike_Y505H,Spike_D796Y,N_G204R,Spike_T478K,N_S413R,M_A63T,Spike_R346T,Spike_S371F,Spike_V445P,NSP13_R392C,Spike_K417N,Spike_L368I,Spike_T376A,NSP6_S106del,NS8_G8stop,Spike_F490S,Spike_F486P,Spike_R408S,NSP4_L438F,Spike_G339H,NSP14_I42V,NSP4_L264F,Spike_P681H,Spike_Y144del,Spike_V83A,NSP3_T24I,N_S33del,NSP1_S135R,Spike_S375F,Spike_D405N,NSP1_F143del,Spike_Q498R,Spike_G446S,NSP13_S36P,Spike_Q183E,Spike_S477N,NSP1_K141del,N_E31del,NSP1_S142del,NSP15_T112I,NSP6_F108del,Spike_E484A,E_T9I,NSP1_K47R,Spike_P26del,NSP12_P323L,Spike_D614G,Spike_G252V)
hCoV-19/USA/CT-YPL23-1336/2023	EPI_ISL_17319725	2023-03-06	North America / USA / Connecticut	Human			Male	13	unknown		Original	Nasopharyngeal swab		XBB.1.5	GRA	(NSP5_P132H,NSP12_G671S,NSP3_G489S,Spike_L24del,NSP4_T327I,Spike_S373P,Spike_N969K,Spike_H655Y,N_R203K,Spike_G142D,Spike_A27S,Spike_Q954H,Spike_H146K,N_P13L,Spike_N501Y,Spike_P25del,N_R32del,Spike_V213E,NS3_T223I,NSP6_M192I,Spike_T19I,M_Q19E,Spike_N440K,NSP4_T492I,Spike_N460K,Spike_N679K,Spike_N764K,E_T11A,NSP6_G107del,Spike_Y505H,Spike_D796Y,N_G204R,Spike_T478K,N_S413R,M_A63T,Spike_R346T,Spike_S371F,NS3_A59T,Spike_V445P,NSP13_R392C,Spike_K417N,Spike_L368I,Spike_T376A,NSP6_S106del,NS8_G8stop,Spike_F490S,Spike_F486P,Spike_R408S,NSP4_L438F,Spike_G339H,NSP14_I42V,NSP4_L264F,Spike_P681H,Spike_Y144del,Spike_V83A,NSP3_T24I,N_S33del,NSP1_S135R,Spike_S375F,Spike_D405N,Spike_Q498R,Spike_G446S,NSP13_S36P,Spike_Q183E,Spike_S477N,N_E31del,NSP15_T112I,NSP6_F108del,Spike_E484A,E_T9I,NSP1_K47R,Spike_P26del,NSP12_P323L,Spike_D614G,Spike_G252V)
hCoV-19/USA/CT-YPL23-1341/2023	EPI_ISL_17319726	2023-03-07	North America / USA / Connecticut	Human			Female	28	unknown		Original	Nasopharyngeal swab		XBB.1.5	GRA	(NSP3_P1200T,NSP5_P132H,NSP12_G671S,NSP3_G489S,Spike_L24del,NSP4_T327I,Spike_S373P,Spike_N969K,Spike_H655Y,N_R203K,Spike_G142D,Spike_A27S,Spike_Q954H,N_P13L,NSP3_I341T,Spike_N501Y,Spike_P25del,N_R32del,NSP3_G337C,Spike_V213E,NS3_T223I,Spike_T19I,Spike_H146Q,M_Q19E,Spike_N440K,NSP4_T492I,Spike_N460K,Spike_N679K,Spike_N764K,E_T11A,NSP6_G107del,Spike_Y505H,Spike_D796Y,N_G204R,Spike_T478K,N_S413R,M_A63T,Spike_R346T,Spike_S371F,Spike_V445P,NSP13_R392C,Spike_K417N,Spike_L368I,Spike_T376A,NSP6_S106del,NS8_G8stop,Spike_F490S,Spike_F486P,Spike_R408S,NSP4_L438F,Spike_G339H,NSP14_I42V,NSP4_L264F,Spike_P681H,Spike_Y144del,Spike_V83A,NSP3_T24I,N_S33del,NSP1_S135R,Spike_S375F,Spike_D405N,Spike_Q498R,Spike_G446S,NSP13_S36P,Spike_Q183E,Spike_S477N,N_E31del,NSP15_T112I,NSP6_F108del,Spike_E484A,E_T9I,NSP1_K47R,Spike_P26del,NSP12_P323L,Spike_D614G,Spike_G252V)
hCoV-19/USA/CT-YPL23-1342/2023	EPI_ISL_17319727	2023-03-06	North America / USA / Connecticut	Human			Female	34	unknown		Original	Nasopharyngeal swab		XBB.1.5	GRA	(NSP5_P132H,NSP12_G671S,NSP3_G489S,Spike_L24del,NSP4_T327I,Spike_S373P,Spike_N969K,Spike_H655Y,N_R203K,Spike_G142D,Spike_A27S,Spike_Q954H,N_P13L,Spike_N501Y,Spike_P25del,N_R32del,Spike_V213E,NS3_T223I,Spike_T19I,M_A2S,Spike_H146Q,M_Q19E,Spike_N440K,NSP4_T492I,Spike_N460K,Spike_N679K,Spike_N764K,E_T11A,NSP6_G107del,Spike_Y505H,Spike_D796Y,N_G204R,Spike_T478K,N_S413R,M_A63T,Spike_R346T,Spike_S371F,Spike_C1247S,Spike_V445P,NSP13_R392C,Spike_K417N,Spike_L368I,Spike_T376A,NSP6_S106del,NS8_G8stop,Spike_F490S,Spike_F486P,Spike_R408S,NSP4_L438F,Spike_G339H,NSP14_I42V,NSP4_L264F,Spike_P681H,Spike_Y144del,Spike_V83A,NSP3_T24I,N_S33del,NSP1_S135R,Spike_S375F,Spike_D405N,Spike_Q498R,Spike_G446S,NSP13_S36P,Spike_Q183E,Spike_S477N,N_E31del,NSP15_T112I,NSP6_F108del,Spike_E484A,E_T9I,NSP1_K47R,Spike_P26del,NSP12_P323L,Spike_D614G,Spike_G252V,Spike_N148T)
hCoV-19/USA/CT-YPL23-1355/2023	EPI_ISL_17319728	2023-03-13	North America / USA / Connecticut	Human			Female	54	unknown		Original	Nasopharyngeal swab		XBB.1.9.1	GRA	(NSP5_P132H,NSP12_G671S,NSP3_G489S,Spike_L24del,NSP4_T327I,Spike_S373P,Spike_N969K,Spike_H655Y,N_R203K,Spike_G142D,Spike_A27S,Spike_Q954H,N_P13L,Spike_N501Y,Spike_P25del,N_R32del,Spike_V213E,NS3_T223I,Spike_T19I,N_G178V,Spike_H146Q,M_Q19E,Spike_N440K,NSP4_T492I,Spike_N460K,Spike_N679K,Spike_N764K,E_T11A,NSP6_G107del,Spike_Y505H,Spike_D796Y,N_G204R,Spike_T478K,N_S413R,M_A63T,Spike_R346T,NSP16_K160R,Spike_S371F,Spike_V445P,NSP13_R392C,Spike_K417N,Spike_L368I,Spike_T376A,NSP6_S106del,NS8_G8stop,Spike_F490S,Spike_F486P,Spike_R408S,NSP4_L438F,Spike_G339H,NSP14_I42V,NSP4_L264F,Spike_P681H,Spike_Y144del,Spike_V83A,NSP3_T24I,N_S33del,NSP1_S135R,Spike_S375F,NSP3_G1001S,Spike_D405N,Spike_Q498R,Spike_G446S,NSP13_S36P,Spike_Q183E,Spike_S477N,N_E31del,NSP15_T112I,NSP6_F108del,Spike_E484A,E_T9I,NSP1_K47R,Spike_P26del,NSP9_T35I,NSP12_P323L,Spike_D614G,Spike_G252V)
hCoV-19/USA/CT-YPL23-1356/2023	EPI_ISL_17319729	2023-03-12	North America / USA / Connecticut	Human			Female	66	unknown		Original	Nasopharyngeal swab		XBB.1.5	GRA	(NSP5_P132H,NSP12_G671S,NSP3_G489S,Spike_L24del,NSP4_T327I,Spike_S373P,Spike_N969K,Spike_H655Y,N_R203K,Spike_G142D,Spike_A27S,Spike_Q954H,N_P13L,Spike_T883I,Spike_N501Y,Spike_P25del,N_R32del,Spike_V213E,NS3_T223I,Spike_T19I,Spike_H146Q,M_Q19E,Spike_N440K,NSP4_T492I,Spike_N460K,Spike_N679K,Spike_N764K,E_T11A,NSP6_G107del,Spike_Y505H,Spike_D796Y,N_G204R,Spike_T478K,N_S413R,M_A63T,Spike_R346T,Spike_S371F,NSP16_A178V,Spike_V445P,NSP13_R392C,Spike_K417N,Spike_L368I,Spike_T376A,NSP6_S106del,NS8_G8stop,Spike_F490S,Spike_F486P,Spike_R408S,NSP4_L438F,Spike_G339H,NSP14_I42V,NSP4_L264F,Spike_P681H,Spike_Y144del,Spike_V83A,NSP3_T24I,N_S33del,NSP1_S135R,Spike_S375F,Spike_D405N,Spike_Q498R,Spike_G446S,NSP13_S36P,Spike_Q183E,Spike_S477N,NSP3_P822L,N_E31del,NSP15_T112I,NSP6_F108del,Spike_E484A,E_T9I,NSP2_G221S,NSP1_K47R,Spike_P26del,NSP12_P323L,Spike_D614G,Spike_G252V)
hCoV-19/USA/CT-YPL23-1358/2023	EPI_ISL_17319730	2023-03-13	North America / USA / Connecticut	Human			Male	29	unknown		Original	Nasopharyngeal swab		XBB.1.5	GRA	(NSP5_P132H,NSP12_G671S,NSP3_G489S,Spike_L24del,NSP4_T327I,Spike_S373P,Spike_N969K,Spike_H655Y,N_R203K,Spike_G142D,Spike_A27S,Spike_Q954H,N_P13L,Spike_N501Y,Spike_P25del,N_R32del,Spike_V213E,NS3_T223I,Spike_T19I,Spike_H146Q,M_Q19E,Spike_N440K,NSP4_T492I,Spike_N460K,Spike_N679K,Spike_N764K,E_T11A,NSP6_G107del,Spike_Y505H,Spike_D796Y,N_G204R,Spike_T478K,N_S413R,M_A63T,Spike_R346T,Spike_S371F,Spike_V445P,Spike_K417N,NSP13_R392C,Spike_L368I,Spike_T376A,NSP6_S106del,NS8_G8stop,Spike_F490S,Spike_F486P,Spike_R408S,NSP4_L438F,Spike_G339H,NSP14_I42V,NSP4_L264F,Spike_P681H,Spike_Y144del,Spike_V83A,NSP3_T24I,N_S33del,NSP1_S135R,Spike_S375F,Spike_D405N,Spike_Q498R,Spike_G446S,NSP13_S36P,Spike_Q183E,NS3_Y107F,Spike_S477N,N_E31del,NSP15_T112I,NSP6_F108del,Spike_E484A,E_T9I,NSP1_K47R,Spike_P26del,NSP12_P323L,Spike_D614G,Spike_G252V)
hCoV-19/USA/CT-YPL23-1359/2023	EPI_ISL_17319731	2023-03-13	North America / USA / Connecticut	Human			Male	65	unknown		Original	Nasopharyngeal swab		XBB.1.5	GRA	(NSP5_P132H,NSP12_G671S,NSP3_G489S,Spike_L24del,NS3_L85F,NSP4_T327I,Spike_S373P,Spike_N969K,Spike_H655Y,N_R203K,Spike_G142D,Spike_A27S,Spike_Q954H,N_P13L,Spike_N501Y,Spike_P25del,N_R32del,Spike_V213E,NS3_T223I,Spike_T19I,Spike_H146Q,M_Q19E,Spike_N440K,NSP4_T492I,Spike_N460K,Spike_N679K,Spike_N764K,E_T11A,NSP6_G107del,Spike_Y505H,Spike_D796Y,N_G204R,Spike_T478K,N_S413R,M_A63T,Spike_R346T,Spike_S371F,Spike_V445P,NSP4_L438S,NSP13_R392C,Spike_K417N,Spike_L368I,Spike_T376A,NSP6_S106del,NS8_G8stop,Spike_F490S,Spike_F486P,Spike_R408S,Spike_G339H,NSP14_I42V,NSP4_L264F,Spike_P681H,Spike_Y144del,Spike_V83A,NSP3_T24I,N_S33del,NSP1_S135R,Spike_S375F,Spike_D405N,Spike_Q498R,Spike_G446S,NSP13_S36P,Spike_Q183E,Spike_S477N,N_E31del,NSP15_T112I,NSP6_F108del,Spike_E484A,Spike_T573I,E_T9I,NSP1_K47R,NSP3_S1285F,Spike_P26del,NSP12_P323L,Spike_D614G,Spike_G252V)
hCoV-19/USA/CT-YPL23-1360/2023	EPI_ISL_17319732	2023-03-13	North America / USA / Connecticut	Human			Male	55	unknown		Original	Nasopharyngeal swab		XBB.1	GRA	(NSP5_P132H,NSP12_G671S,NSP3_G489S,Spike_L24del,NSP4_T327I,Spike_S373P,Spike_N969K,Spike_H655Y,N_R203K,Spike_G142D,Spike_A27S,Spike_Q954H,N_P13L,Spike_N501Y,Spike_P25del,N_R32del,Spike_V213E,NS3_T223I,Spike_T19I,Spike_H146Q,M_Q19E,Spike_N440K,NSP4_T492I,Spike_N460K,Spike_N679K,Spike_N764K,E_T11A,NSP6_G107del,Spike_Y505H,Spike_D796Y,N_G204R,Spike_T478K,N_S413R,M_A63T,Spike_R346T,Spike_S371F,Spike_V445P,NSP13_R392C,Spike_K417N,Spike_L368I,Spike_T376A,NSP6_S106del,NS8_G8stop,Spike_F490S,Spike_F486P,Spike_R408S,NSP4_L438F,Spike_G339H,NSP14_I42V,NSP4_L264F,Spike_P681H,Spike_Y144del,Spike_V83A,NSP3_T24I,N_S33del,NSP1_S135R,Spike_S375F,Spike_D405N,Spike_Q498R,Spike_G446S,NSP13_S36P,Spike_Q183E,Spike_S477N,N_E31del,NSP15_T112I,NSP6_F108del,Spike_E484A,E_T9I,NSP1_K47R,Spike_P26del,NSP12_P323L,Spike_D614G,NSP3_D1761G,Spike_G252V)
hCoV-19/USA/CT-YPL23-1395/2023	EPI_ISL_17319733	2023-03-16	North America / USA / Connecticut	Human			Female	67	unknown		Original	Nasopharyngeal swab		XBB.1.5	GRA	(NSP5_P132H,NSP12_G671S,NSP3_G489S,Spike_L24del,NSP4_T327I,Spike_S373P,Spike_N969K,Spike_H655Y,N_R203K,Spike_G142D,Spike_A27S,Spike_Q954H,N_P13L,Spike_N501Y,Spike_P25del,N_R32del,Spike_V213E,NS3_T223I,Spike_T19I,M_Q19E,Spike_N440K,NSP4_T492I,Spike_N460K,Spike_N679K,Spike_N764K,E_T11A,NSP6_G107del,Spike_Y505H,Spike_D796Y,N_G204R,Spike_T478K,N_S413R,M_A63T,Spike_R346T,Spike_S371F,Spike_V445P,Spike_K417N,NSP13_R392C,Spike_L368I,Spike_T376A,NSP6_S106del,NS8_G8stop,Spike_F490S,Spike_F486P,Spike_R408S,NSP4_L438F,Spike_G339H,NSP14_I42V,NSP4_L264F,Spike_P681H,Spike_Y144del,Spike_V83A,NSP3_T24I,N_S33del,NSP1_S135R,Spike_S375F,Spike_D405N,Spike_Q498R,Spike_G446S,NSP13_S36P,Spike_Q183E,Spike_S477N,N_E31del,NSP15_T112I,NSP6_F108del,Spike_E484A,E_T9I,NSP1_K47R,Spike_P26del,NSP12_P323L,Spike_D614G,Spike_G252V)
hCoV-19/USA/CT-YPL23-1398/2023	EPI_ISL_17319734	2023-03-16	North America / USA / Connecticut	Human			Female	83	unknown		Original	Nasopharyngeal swab		XBB.1.5	GRA	(NSP5_P132H,NSP12_G671S,NSP3_G489S,Spike_L24del,NSP4_T327I,Spike_S373P,Spike_N969K,Spike_H655Y,N_R203K,Spike_G142D,Spike_A27S,Spike_Q954H,N_P13L,Spike_N501Y,Spike_P25del,N_R32del,Spike_V213E,NS3_T223I,Spike_T19I,Spike_H146Q,M_Q19E,Spike_N440K,NSP4_T492I,Spike_N460K,Spike_N679K,Spike_N764K,E_T11A,NSP6_G107del,Spike_Y505H,Spike_D796Y,N_G204R,Spike_T478K,N_S413R,M_A63T,Spike_R346T,Spike_S371F,Spike_V445P,Spike_K417N,NSP13_R392C,Spike_L368I,Spike_T376A,NSP6_S106del,NS8_G8stop,Spike_F490S,Spike_F486P,Spike_R408S,NSP4_L438F,Spike_G339H,NSP14_I42V,NSP4_L264F,Spike_P681H,Spike_Y144del,Spike_V83A,NSP3_T24I,N_S33del,NSP1_S135R,Spike_S375F,Spike_D405N,Spike_Q498R,Spike_G446S,NSP13_S36P,Spike_Q183E,Spike_S477N,N_E31del,NSP15_T112I,NSP6_F108del,Spike_E484A,E_T9I,NSP1_K47R,Spike_P26del,NSP12_P323L,Spike_D614G,Spike_G252V)
hCoV-19/USA/CT-YPL23-1402/2023	EPI_ISL_17319735	2023-03-19	North America / USA / Connecticut	Human			Male	80	unknown		Original	Nasopharyngeal swab		XBB.1.5	GRA	(NSP5_P132H,NSP12_G671S,NSP3_G489S,Spike_L24del,NSP4_T327I,NSP3_P1228S,Spike_S373P,Spike_N969K,Spike_H655Y,N_R203K,Spike_G142D,Spike_A27S,Spike_Q954H,N_P13L,Spike_N501Y,Spike_P25del,N_R32del,Spike_V213E,NS3_T223I,Spike_T19I,Spike_H146Q,M_Q19E,Spike_N440K,NSP4_T492I,Spike_N460K,Spike_N679K,Spike_N764K,E_T11A,NSP6_G107del,Spike_Y505H,Spike_D796Y,N_G204R,Spike_T478K,N_S413R,M_A63T,Spike_R346T,Spike_S371F,Spike_V445P,NSP13_R392C,Spike_K417N,Spike_L368I,Spike_T376A,NSP6_S106del,NS8_G8stop,Spike_F490S,Spike_F486P,Spike_R408S,NSP4_L438F,Spike_G339H,NSP14_I42V,NSP4_L264F,Spike_P681H,Spike_Y144del,Spike_V83A,NSP3_T24I,N_S33del,NSP1_S135R,Spike_S375F,Spike_D405N,Spike_Q498R,Spike_G446S,NSP13_S36P,Spike_Q183E,Spike_S477N,NSP3_A1279V,N_E31del,NSP15_T112I,NSP6_F108del,Spike_E484A,Spike_A348T,E_T9I,NSP1_K47R,Spike_P26del,NSP12_P323L,NSP16_I127V,Spike_D614G,Spike_G252V)
hCoV-19/USA/CT-YPL23-1403/2023	EPI_ISL_17319736	2023-03-19	North America / USA / Connecticut	Human			Male	42	unknown		Original	Nasopharyngeal swab		XBB.1.5	GRA	(NSP5_P132H,NSP12_G671S,NSP3_G489S,Spike_L24del,NSP4_T327I,Spike_S373P,Spike_N969K,Spike_H655Y,N_R203K,Spike_G142D,Spike_A27S,Spike_Q954H,N_P13L,Spike_N501Y,Spike_P25del,N_R32del,Spike_V213E,NS3_T223I,Spike_T19I,Spike_H146Q,M_Q19E,Spike_N440K,NSP4_T492I,Spike_N460K,Spike_N679K,Spike_N764K,N_A308S,E_T11A,NSP6_G107del,Spike_Y505H,Spike_D796Y,N_G204R,Spike_T478K,N_S413R,M_A63T,Spike_R346T,Spike_S371F,Spike_V445P,Spike_K417N,NSP13_R392C,Spike_L368I,Spike_T376A,NSP6_S106del,NS8_G8stop,Spike_F490S,Spike_F486P,Spike_R408S,NSP4_L438F,Spike_G339H,NSP14_I42V,NSP4_L264F,Spike_P681H,Spike_Y144del,Spike_V83A,NSP3_T24I,N_S33del,NSP1_S135R,Spike_S375F,Spike_D405N,Spike_Q498R,Spike_G446S,NSP13_S36P,Spike_Q183E,Spike_S477N,N_E31del,NSP15_T112I,NSP6_F108del,Spike_E484A,E_T9I,NSP1_K47R,Spike_P26del,NSP12_P323L,Spike_D614G,Spike_G252V)
hCoV-19/USA/CT-YPL23-1405/2023	EPI_ISL_17319737	2023-03-19	North America / USA / Connecticut	Human			Male	1	unknown		Original	Nasopharyngeal swab		XBB.1.5	GRA	(NSP5_P132H,NSP12_G671S,NSP3_G489S,Spike_L24del,NSP4_T327I,Spike_S373P,Spike_N969K,Spike_H655Y,N_R203K,Spike_G142D,Spike_A27S,Spike_Q954H,NSP3_S1206L,N_P13L,Spike_N501Y,Spike_P25del,N_R32del,Spike_V213E,NS3_T223I,Spike_T19I,Spike_H146Q,M_Q19E,Spike_N440K,NSP4_T492I,Spike_N460K,Spike_N679K,Spike_N764K,E_T11A,NSP6_G107del,Spike_Y505H,Spike_D796Y,N_G204R,Spike_T478K,N_S413R,M_A63T,Spike_R346T,Spike_S371F,NSP2_T160I,NSP1_M85del,Spike_V445P,NSP13_R392C,Spike_K417N,Spike_L368I,Spike_T376A,NSP6_S106del,NS8_G8stop,Spike_F490S,Spike_F486P,Spike_R408S,NSP4_L438F,Spike_G339H,NSP14_I42V,NSP4_L264F,Spike_P681H,Spike_Y144del,Spike_V83A,NSP3_T24I,N_S33del,NSP1_S135R,Spike_S375F,Spike_D405N,Spike_Q498R,Spike_G446S,NSP13_S36P,Spike_Q183E,Spike_S477N,N_E31del,NSP15_T112I,NSP6_F108del,NSP3_P1867T,Spike_E484A,E_T9I,NSP1_K47R,Spike_P26del,NSP12_P323L,Spike_D614G,NS8_P85L,Spike_G252V)
hCoV-19/USA/CT-YPL23-1343/2023	EPI_ISL_17319738	2023-03-06	North America / USA / Connecticut	Human			Female	89	unknown		Original	Nasopharyngeal swab		XBB.1.5	GRA	(NSP5_P132H,NSP12_G671S,NSP3_G489S,Spike_L24del,NSP4_T327I,Spike_S373P,Spike_N969K,Spike_H655Y,N_R203K,Spike_G142D,Spike_A27S,Spike_Q954H,N_P13L,Spike_N501Y,Spike_P25del,N_R32del,Spike_V213E,NS3_T223I,Spike_T19I,NSP2_R218C,Spike_H146Q,M_Q19E,Spike_N440K,NSP4_T492I,Spike_N460K,Spike_N679K,Spike_N764K,E_T11A,NSP12_R197Q,NSP6_G107del,Spike_Y505H,Spike_D796Y,N_G204R,Spike_T478K,N_S413R,M_A63T,Spike_R346T,Spike_S371F,NSP1_M85del,Spike_V445P,NSP1_E87K,NSP13_R392C,Spike_K417N,Spike_L368I,Spike_T376A,NSP6_S106del,NS8_G8stop,Spike_F490S,Spike_F486P,Spike_R408S,NSP4_L438F,Spike_G339H,NSP14_I42V,NSP4_L264F,Spike_P681H,Spike_Y144del,Spike_V83A,NSP3_T24I,N_S33del,NSP1_S135R,Spike_S375F,Spike_D405N,Spike_Q498R,Spike_G446S,NSP13_S36P,Spike_Q183E,Spike_S477N,N_E31del,NSP1_V86del,NSP15_T112I,NSP6_F108del,Spike_E484A,E_T9I,NSP1_K47R,Spike_P26del,NSP12_P323L,Spike_D614G,Spike_G252V)
hCoV-19/USA/CT-YPL23-1389/2023	EPI_ISL_17319739	2023-03-14	North America / USA / Connecticut	Human			Male	57	unknown		Original	Nasopharyngeal swab		XBB.1.5	GRA	(NSP5_P132H,NSP12_G671S,NSP3_G489S,Spike_L24del,NSP4_T327I,Spike_S373P,Spike_N969K,Spike_H655Y,N_R203K,Spike_G142D,Spike_A27S,Spike_Q954H,N_P13L,Spike_N501Y,Spike_P25del,N_R32del,Spike_V213E,NS3_T223I,NSP3_G777D,Spike_T19I,Spike_H146Q,M_Q19E,Spike_N440K,NSP4_T492I,Spike_N460K,Spike_N679K,Spike_N764K,E_T11A,NSP6_G107del,Spike_Y505H,NSP2_K456R,Spike_D796Y,N_G204R,Spike_T478K,N_S413R,M_A63T,Spike_R346T,Spike_S371F,Spike_V445P,NSP13_R392C,Spike_K417N,Spike_L368I,Spike_T376A,NSP6_S106del,NS8_G8stop,Spike_F490S,Spike_F486P,Spike_R408S,NSP4_L438F,Spike_G339H,NSP14_I42V,NSP4_L264F,Spike_P681H,Spike_Y144del,Spike_V83A,Spike_A892V,NSP3_T24I,N_S33del,NSP1_S135R,Spike_S375F,Spike_D405N,Spike_Q498R,Spike_G446S,NSP13_S36P,Spike_Q183E,Spike_S477N,N_E31del,NSP15_T112I,NSP6_F108del,Spike_E484A,E_T9I,NSP1_K47R,Spike_P26del,NSP12_P323L,Spike_D614G,NSP16_A34V,Spike_G252V)
hCoV-19/USA/CT-YPL23-1393/2023	EPI_ISL_17319740	2023-03-14	North America / USA / Connecticut	Human			Male	77	unknown		Original	Nasopharyngeal swab		XBB.1.5	GRA	(NSP5_P132H,NSP12_G671S,NSP3_G489S,Spike_L24del,NSP4_T327I,Spike_S373P,Spike_N969K,Spike_H655Y,N_R203K,Spike_G142D,NS7b_I26C,Spike_A27S,Spike_Q954H,N_P13L,Spike_N501Y,Spike_P25del,N_R32del,Spike_V213E,NS3_T223I,Spike_T19I,NS7b_L25S,NSP2_K239E,Spike_H146Q,M_Q19E,Spike_N440K,NSP4_T492I,Spike_N460K,Spike_N679K,Spike_N764K,E_T11A,NS7b_S31H,NSP6_G107del,Spike_Y505H,Spike_D796Y,N_G204R,Spike_T478K,N_S413R,M_A63T,Spike_R346T,NS7b_E33N,Spike_S371F,Spike_V445P,NSP13_R392C,Spike_K417N,Spike_L368I,Spike_T376A,NSP6_S106del,Spike_F490S,Spike_F486P,NS7b_I23stop,Spike_R408S,NSP4_L438F,Spike_G339H,NSP14_I42V,NSP4_L264F,Spike_P681H,NS7b_M24R,Spike_Y144del,Spike_V83A,NSP3_T24I,N_S33del,NSP1_S135R,Spike_S375F,Spike_D405N,Spike_Q498R,Spike_G446S,NSP13_S36P,Spike_Q183E,Spike_S477N,N_E31del,NSP15_T112I,NS7b_L34E,NSP6_F108del,NS7b_I27C,Spike_E484A,E_T9I,NS7b_W29R,NSP1_K47R,Spike_P26del,NSP12_P323L,NSP4_V103M,Spike_D614G,Spike_G252V)
hCoV-19/USA/CT-YPL23-1387/2023	EPI_ISL_17319741	2023-03-13	North America / USA / Connecticut	Human			Male	61	unknown		Original	Nasopharyngeal swab		XBB.1.5	GRA	(NSP3_P1200T,NSP5_P132H,NSP12_G671S,NSP3_G489S,Spike_L24del,NSP4_T327I,Spike_S373P,Spike_N969K,Spike_H655Y,N_R203K,Spike_G142D,Spike_A27S,Spike_Q954H,N_P13L,NSP3_I341T,NSP1_H83del,Spike_N501Y,Spike_P25del,N_R32del,Spike_V213E,NS3_T223I,Spike_T19I,Spike_H146Q,M_Q19E,Spike_N440K,NSP4_T492I,Spike_N460K,Spike_N679K,Spike_N764K,E_T11A,NSP6_G107del,Spike_Y505H,NSP1_V84del,Spike_D796Y,N_G204R,Spike_T478K,N_S413R,M_A63T,Spike_R346T,Spike_S371F,NSP1_M85del,Spike_V445P,NSP13_R392C,Spike_K417N,Spike_L368I,Spike_T376A,NSP6_S106del,Spike_F490S,Spike_F486P,Spike_R408S,NSP4_L438F,Spike_G339H,NSP14_I42V,NSP4_L264F,Spike_P681H,Spike_Y144del,Spike_V83A,NSP3_T24I,NSP1_G82del,N_S33del,NSP1_S135R,Spike_S375F,Spike_D405N,Spike_Q498R,Spike_G446S,NSP13_S36P,Spike_Q183E,Spike_S477N,N_E31del,NSP1_V86del,NSP15_T112I,NSP6_F108del,Spike_E484A,E_T9I,NSP1_K47R,Spike_P26del,NSP12_P323L,Spike_D614G,Spike_G252V)
hCoV-19/USA/CT-YPL23-1337/2023	EPI_ISL_17319742	2023-03-07	North America / USA / Connecticut	Human			Female	50	unknown		Original	Nasopharyngeal swab		XBB.1.5	GRA	(NSP5_P132H,NSP12_G671S,NSP3_G489S,Spike_L24del,NSP4_T327I,Spike_S373P,Spike_N969K,Spike_H655Y,N_R203K,Spike_G142D,Spike_A27S,Spike_Q954H,N_P13L,Spike_N501Y,Spike_P25del,N_R32del,Spike_V213E,NS3_T223I,Spike_T19I,Spike_H146Q,M_Q19E,Spike_N440K,NSP4_T492I,Spike_N460K,Spike_N679K,Spike_N764K,E_T11A,NSP6_G107del,Spike_Y505H,Spike_D796Y,N_G204R,Spike_T478K,M_A63T,Spike_R346T,Spike_S371F,Spike_V445P,Spike_K417N,NSP13_R392C,Spike_L368I,Spike_T376A,NSP6_S106del,Spike_F490S,Spike_F486P,Spike_R408S,NSP4_L438F,Spike_G339H,NSP14_I42V,NSP4_L264F,Spike_P681H,Spike_Y144del,Spike_V83A,NSP3_T24I,N_S33del,NSP1_S135R,Spike_S375F,Spike_D405N,Spike_Q498R,Spike_G446S,NSP13_S36P,Spike_Q183E,Spike_S477N,N_E31del,NSP15_T112I,NSP6_F108del,Spike_E484A,E_T9I,NSP1_K47R,Spike_P26del,NSP12_P323L,Spike_D614G,Spike_G252V)
hCoV-19/USA/CT-YPL23-1338/2023	EPI_ISL_17319743	2023-03-07	North America / USA / Connecticut	Human			Male	23	unknown		Original	Nasopharyngeal swab		XBB.1.5	GRA	(NSP5_P132H,NSP12_G671S,NSP3_G489S,Spike_L24del,NSP4_T327I,Spike_S373P,Spike_N969K,Spike_H655Y,N_R203K,Spike_G142D,Spike_A27S,Spike_Q954H,N_P13L,Spike_N501Y,Spike_P25del,N_R32del,Spike_V213E,NS3_T223I,Spike_T19I,Spike_H146Q,M_Q19E,Spike_N440K,NSP4_T492I,Spike_N460K,Spike_N679K,Spike_N764K,E_T11A,NSP6_G107del,Spike_Y505H,Spike_D796Y,N_G204R,Spike_T478K,N_S413R,M_A63T,Spike_R346T,Spike_S371F,Spike_V445P,NSP13_R392C,Spike_K417N,Spike_L368I,Spike_T376A,NSP6_S106del,NS8_G8stop,Spike_F490S,Spike_F486P,Spike_R408S,NSP4_L438F,Spike_G339H,NSP14_I42V,NSP4_L264F,Spike_P681H,Spike_Y144del,Spike_V83A,NSP3_T24I,N_S33del,NSP1_S135R,Spike_S375F,Spike_D405N,Spike_Q498R,Spike_G446S,NSP13_S36P,Spike_Q183E,Spike_S477N,N_E31del,NSP15_T112I,NSP6_F108del,Spike_T323I,Spike_E484A,E_T9I,NSP1_K47R,Spike_P26del,NSP12_P323L,Spike_D614G,Spike_G252V,NSP3_S1467F)
hCoV-19/USA/CT-YPL23-1392/2023	EPI_ISL_17319744	2023-03-15	North America / USA / Connecticut	Human			Male	71	unknown		Original	Nasopharyngeal swab		BQ.1.1.32	GRA	(NSP5_P132H,Spike_H69del,NSP3_G489S,Spike_L24del,NSP4_T327I,Spike_S373P,Spike_N969K,Spike_H655Y,N_R203K,Spike_V213G,Spike_G142D,Spike_A27S,Spike_Q954H,N_P13L,Spike_N501Y,Spike_P25del,N_R32del,NS3_T223I,Spike_T19I,M_Q19E,Spike_N440K,NSP4_T492I,Spike_N460K,N_E136D,M_D3N,Spike_N679K,Spike_N764K,NSP6_G107del,Spike_Y505H,NSP13_N268S,Spike_D796Y,N_G204R,Spike_T478K,NSP6_L260F,M_A63T,Spike_R346T,NSP2_Q376K,N_D63Y,Spike_S371F,NSP13_R392C,Spike_K417N,Spike_F486V,Spike_T376A,NSP6_S106del,Spike_G339D,NSP2_S196L,Spike_R408S,NSP14_I42V,NSP4_L264F,Spike_P681H,Spike_Y144del,NSP13_M233I,NSP3_T24I,N_S33del,NSP1_S135R,Spike_S375F,Spike_D405N,Spike_Q498R,Spike_S477N,N_E31del,NSP12_Y273H,NSP15_T112I,NSP6_F108del,Spike_E484A,Spike_M153I,E_T9I,Spike_K444T,Spike_A942S,Spike_V70del,Spike_P26del,NSP12_P323L,Spike_D614G,Spike_L452R)
hCoV-19/USA/CT-YPL23-1345/2023	EPI_ISL_17319745	2023-03-07	North America / USA / Connecticut	Human			Female	82	unknown		Original	Nasopharyngeal swab		XBB.1.5	GRA	(NSP5_P132H,NSP12_G671S,NSP3_G489S,Spike_L24del,NSP4_T327I,Spike_S373P,Spike_N969K,Spike_H655Y,N_R203K,Spike_G142D,Spike_A27S,Spike_Q954H,N_P13L,Spike_N501Y,Spike_P25del,N_R32del,Spike_V213E,NS3_T223I,Spike_T19I,Spike_H146Q,M_Q19E,Spike_N440K,NSP4_T492I,Spike_N460K,Spike_N679K,Spike_N764K,N_A308S,E_T11A,NSP6_G107del,Spike_Y505H,Spike_D796Y,N_G204R,Spike_T478K,N_S413R,M_A63T,Spike_R346T,Spike_S371F,Spike_V445P,Spike_K417N,NSP13_R392C,Spike_L368I,Spike_T376A,NSP6_S106del,Spike_F490S,Spike_F486P,Spike_R408S,NSP4_L438F,Spike_G339H,NSP14_I42V,NSP4_L264F,Spike_P681H,Spike_Y144del,Spike_V83A,NSP3_T24I,N_S33del,NSP1_S135R,Spike_S375F,Spike_D405N,Spike_Q498R,Spike_G446S,NSP13_S36P,Spike_Q183E,Spike_S477N,N_E31del,NSP15_T112I,NSP6_F108del,Spike_E484A,E_T9I,NSP1_K47R,Spike_P26del,NSP12_P323L,Spike_D614G,Spike_G252V)
hCoV-19/USA/CT-YPL23-1347/2023	EPI_ISL_17319746	2023-03-05	North America / USA / Connecticut	Human			Female	90	unknown		Original	Nasopharyngeal swab		XBB.1.5	GRA	(NSP5_P132H,NSP12_G671S,NSP3_G489S,Spike_L24del,NSP4_T327I,Spike_S373P,Spike_N969K,Spike_H655Y,N_R203K,Spike_G142D,Spike_A27S,Spike_Q954H,Spike_H146K,N_P13L,Spike_N501Y,Spike_P25del,N_R32del,Spike_V213E,NS3_T223I,NSP6_M192I,Spike_T19I,M_Q19E,Spike_N440K,NSP4_T492I,Spike_N460K,Spike_N679K,Spike_N764K,E_T11A,NSP6_G107del,Spike_Y505H,Spike_D796Y,N_G204R,Spike_T478K,N_S413R,M_A63T,Spike_R346T,Spike_S371F,NS3_A59T,Spike_V445P,NSP13_R392C,Spike_K417N,Spike_L368I,Spike_T376A,NSP6_S106del,Spike_F490S,Spike_F486P,Spike_R408S,NSP4_L438F,Spike_G339H,NSP14_I42V,NSP4_L264F,Spike_P681H,Spike_Y144del,Spike_V83A,NSP3_T24I,N_S33del,NSP1_S135R,Spike_S375F,Spike_D405N,Spike_Q498R,Spike_G446S,NSP13_S36P,Spike_Q183E,Spike_S477N,N_E31del,NSP15_T112I,NSP6_F108del,Spike_E484A,E_T9I,NSP1_K47R,Spike_P26del,NSP12_P323L,Spike_D614G,Spike_G252V)
hCoV-19/USA/CT-YPL23-1351/2023	EPI_ISL_17319747	2023-03-10	North America / USA / Connecticut	Human			Female	51	unknown		Original	Nasopharyngeal swab		BQ.1.1.32	GRA	(NSP5_P132H,Spike_H69del,NSP2_A510V,NSP3_G489S,Spike_L24del,NS7a_P84L,NSP4_T327I,Spike_T240I,Spike_S373P,Spike_N969K,Spike_H655Y,N_R203K,Spike_V213G,Spike_G142D,Spike_A27S,Spike_Q954H,N_P13L,Spike_N501Y,Spike_P25del,N_R32del,NS3_T223I,Spike_T19I,M_Q19E,Spike_N440K,NSP4_T492I,Spike_N460K,N_E136D,M_D3N,Spike_N679K,Spike_N764K,NSP6_G107del,Spike_Y505H,NSP13_N268S,Spike_D796Y,N_G204R,Spike_T478K,NSP6_L260F,M_A63T,Spike_R346T,NSP2_Q376K,Spike_S371F,NSP13_R392C,Spike_K417N,Spike_F486V,Spike_T376A,NSP6_S106del,Spike_G339D,Spike_R408S,NSP14_I42V,NSP4_L264F,Spike_P681H,Spike_Y144del,NSP13_M233I,NSP3_T24I,N_S33del,NSP1_S135R,Spike_S375F,Spike_D405N,Spike_Q498R,Spike_S477N,N_E31del,NSP12_Y273H,NSP15_T112I,NSP6_F108del,Spike_E484A,Spike_M153I,E_T9I,Spike_K444T,Spike_V70del,Spike_P26del,NSP12_P323L,Spike_D614G,Spike_L452R)
hCoV-19/USA/CT-YPL23-1354/2023	EPI_ISL_17319748	2023-03-10	North America / USA / Connecticut	Human			Female	0	unknown		Original	Nasopharyngeal swab		XBB.1.5	GRA	(NSP5_P132H,NSP12_G671S,NSP3_G489S,Spike_L24del,NSP4_T327I,Spike_S373P,Spike_N969K,Spike_H655Y,N_R203K,Spike_G142D,Spike_A27S,Spike_Q954H,N_P13L,Spike_N501Y,Spike_P25del,N_R32del,Spike_V213E,NS3_T223I,Spike_T19I,Spike_H146Q,M_Q19E,Spike_N440K,NSP4_T492I,Spike_N460K,NSP16_V289F,NS3_D27Y,Spike_N679K,Spike_N764K,E_T11A,NSP6_G107del,Spike_Y505H,Spike_D796Y,N_G204R,Spike_T478K,N_S413R,M_A63T,Spike_R346T,NSP16_T140I,Spike_S371F,Spike_V445P,NSP13_R392C,Spike_K417N,Spike_L368I,Spike_T376A,NSP6_S106del,Spike_F490S,Spike_F486P,Spike_R408S,NSP4_L438F,Spike_G339H,NSP14_I42V,NS8_R101C,NSP4_L264F,Spike_P681H,Spike_Y144del,Spike_V83A,NSP3_T24I,N_S33del,NSP1_S135R,Spike_S375F,Spike_D405N,Spike_Q498R,Spike_G446S,NSP13_S36P,Spike_Q183E,Spike_S477N,N_E31del,NSP15_T112I,NSP6_F108del,Spike_E484A,E_T9I,NSP1_K47R,Spike_P26del,NSP12_P323L,Spike_D614G,Spike_G252V)
hCoV-19/USA/CT-YPL23-1340/2023	EPI_ISL_17319749	2023-03-08	North America / USA / Connecticut	Human			Male	84	unknown		Original	Nasopharyngeal swab		XBB.1.5	GRA	(NSP5_P132H,NSP12_G671S,NSP3_G489S,Spike_L24del,NSP4_T327I,Spike_S373P,Spike_N969K,Spike_H655Y,N_R203K,Spike_G142D,Spike_A27S,Spike_Q954H,N_P13L,Spike_N501Y,Spike_P25del,N_R32del,Spike_V213E,NS3_T223I,Spike_T19I,Spike_H146Q,M_Q19E,Spike_N440K,NSP13_L428F,NSP4_T492I,Spike_N460K,Spike_N679K,Spike_N764K,E_T11A,NSP6_G107del,Spike_Y505H,Spike_D796Y,N_G204R,Spike_T478K,M_A63T,Spike_R346T,Spike_S371F,Spike_V445P,NSP13_R392C,Spike_K417N,Spike_L368I,Spike_T376A,NSP6_S106del,Spike_F490S,Spike_F486P,Spike_R408S,NSP4_L438F,Spike_G339H,NSP14_I42V,NSP4_L264F,Spike_P681H,Spike_Y144del,Spike_V83A,NSP3_T24I,N_S33del,NSP1_S135R,Spike_S375F,Spike_D405N,Spike_Q498R,Spike_G446S,NSP13_S36P,Spike_Q183E,Spike_S477N,N_E31del,NSP15_T112I,NSP6_F108del,Spike_E484A,Spike_T573I,E_T9I,NSP1_K47R,Spike_P26del,NSP12_P323L,Spike_D614G,Spike_G252V)
hCoV-19/USA/CT-YPL23-1406/2023	EPI_ISL_17319750	2023-03-20	North America / USA / Connecticut	Human			Female	34	unknown		Original	Nasopharyngeal swab		XBB.1.5	GRA	(NSP5_P132H,NSP12_G671S,NSP3_G489S,Spike_L24del,NSP4_T327I,Spike_S373P,Spike_N969K,Spike_H655Y,N_R203K,Spike_G142D,Spike_A27S,Spike_Q954H,N_P13L,Spike_N501Y,Spike_P25del,N_R32del,Spike_V213E,NS3_T223I,Spike_T19I,Spike_H146Q,M_Q19E,Spike_N440K,NSP4_T492I,Spike_N460K,Spike_N679K,Spike_N764K,E_T11A,NSP6_G107del,Spike_Y505H,Spike_D796Y,N_G204R,Spike_T478K,M_A63T,Spike_R346T,Spike_S371F,Spike_V445P,NSP13_R392C,Spike_K417N,Spike_L368I,Spike_T376A,NSP6_S106del,Spike_F490S,Spike_F486P,Spike_R408S,NSP4_L438F,Spike_G339H,NSP14_I42V,NSP4_L264F,Spike_P681H,Spike_Y144del,Spike_V83A,NSP3_T24I,N_S33del,NSP1_S135R,Spike_Q14H,Spike_S375F,Spike_D405N,Spike_Q498R,Spike_G446S,NSP13_S36P,Spike_Q183E,Spike_S477N,N_E31del,NSP15_T112I,NSP6_F108del,Spike_E484A,E_T9I,NSP1_K47R,Spike_P26del,NSP12_P323L,Spike_D614G,Spike_G252V)
hCoV-19/USA/CT-Yale-24383/2023	EPI_ISL_17327502	2023-03-08	North America / USA / Connecticut / New London	Human			unknown	unknown	unknown		Original			XBB.1.5	GRA	(NSP5_P132H,NSP12_G671S,NSP3_G489S,Spike_L24del,NSP4_T327I,Spike_S373P,Spike_N969K,Spike_H655Y,N_R203K,Spike_G142D,Spike_A27S,Spike_Q954H,Spike_H146K,N_P13L,Spike_N501Y,Spike_P25del,N_R32del,Spike_V213E,NS3_T223I,Spike_T19I,M_Q19E,Spike_N440K,NSP4_T492I,Spike_N460K,Spike_N679K,Spike_N764K,E_T11A,NSP6_G107del,Spike_Y505H,Spike_D796Y,Spike_I233V,N_G204R,Spike_T478K,N_S413R,M_A63T,Spike_R346T,Spike_S371F,Spike_V445P,NSP13_R392C,Spike_K417N,Spike_L368I,NSP3_V421I,Spike_T376A,NSP6_S106del,NS8_G8stop,Spike_F490S,Spike_F486P,Spike_R408S,NSP4_L438F,Spike_G339H,NSP14_I42V,NSP4_L264F,Spike_P681H,Spike_Y144del,Spike_V83A,NSP3_T24I,N_S33del,NSP1_S135R,Spike_S375F,Spike_D405N,Spike_Q498R,Spike_G446S,NSP13_S36P,Spike_Q183E,Spike_S477N,NSP3_V202I,N_E31del,NSP15_T112I,NSP6_F108del,Spike_E484A,E_T9I,NSP1_K47R,Spike_P26del,NSP12_P323L,Spike_D614G,Spike_G252V,NSP9_L51F)
hCoV-19/USA/CT-Yale-24384/2023	EPI_ISL_17327503	2023-03-09	North America / USA / Connecticut / New Haven	Human			unknown	unknown	unknown		Original			XBB.1.5	GRA	(NSP5_P132H,NSP12_G671S,NSP3_G489S,Spike_L24del,NSP4_T327I,Spike_S373P,Spike_N969K,Spike_H655Y,N_R203K,Spike_G142D,Spike_A27S,Spike_Q954H,N_P13L,Spike_N501Y,Spike_P25del,N_R32del,Spike_V213E,NS3_T223I,Spike_T19I,Spike_H146Q,M_Q19E,Spike_N440K,NSP4_T492I,Spike_N460K,NSP2_T153M,Spike_N679K,Spike_N764K,E_T11A,NSP6_G107del,Spike_Y505H,Spike_D796Y,N_G204R,Spike_T478K,M_A63T,Spike_R346T,N_A336V,Spike_S371F,Spike_V445P,Spike_K417N,NSP13_R392C,Spike_L368I,Spike_T376A,NSP6_S106del,NS8_G8stop,Spike_F490S,Spike_F486P,Spike_R408S,NSP4_L438F,Spike_G339H,NSP14_I42V,NSP4_L264F,Spike_P681H,Spike_Y144del,Spike_V83A,NSP3_T24I,N_S33del,NSP1_S135R,Spike_S375F,Spike_D405N,Spike_Q498R,Spike_G446S,NSP13_S36P,Spike_Q183E,Spike_S477N,N_E31del,NSP15_T112I,NSP6_F108del,Spike_E484A,E_T9I,NSP1_K47R,Spike_P26del,NSP12_P323L,Spike_D614G)
hCoV-19/USA/CT-Yale-24386/2023	EPI_ISL_17327504	2023-03-08	North America / USA / Connecticut / New Haven	Human			unknown	unknown	unknown		Original			XBB.1.5	GRA	(NSP5_P132H,NSP12_G671S,NSP3_G489S,Spike_L24del,NSP4_T327I,Spike_S373P,Spike_N969K,Spike_H655Y,N_R203K,Spike_G142D,Spike_A27S,Spike_Q954H,N_P13L,Spike_N501Y,Spike_P25del,N_R32del,Spike_V213E,NS3_T223I,Spike_T19I,Spike_H146Q,M_Q19E,Spike_N440K,NSP4_T492I,Spike_N460K,Spike_N679K,Spike_N764K,E_T11A,NSP6_G107del,Spike_Y505H,Spike_D796Y,N_G204R,Spike_T478K,N_S413R,M_A63T,Spike_R346T,Spike_S371F,Spike_V445P,Spike_K417N,NSP13_R392C,Spike_L368I,Spike_T376A,NSP6_S106del,NS8_G8stop,Spike_F490S,Spike_F486P,Spike_R408S,NSP4_L438F,Spike_G339H,NSP14_I42V,NSP4_L264F,Spike_P681H,Spike_Y144del,Spike_V83A,NSP3_T24I,N_S33del,NSP1_S135R,Spike_Q14H,Spike_S375F,Spike_D405N,Spike_Q498R,Spike_G446S,NSP13_S36P,Spike_Q183E,Spike_S477N,N_E31del,NSP15_T112I,NSP6_F108del,Spike_E484A,E_T9I,NSP1_K47R,Spike_P26del,NSP12_P323L,Spike_D614G)
hCoV-19/USA/CT-Yale-24387/2023	EPI_ISL_17327505	2023-03-13	North America / USA / Connecticut / New Haven	Human			unknown	unknown	unknown		Original			XBB.1.5	GRA	(NSP5_P132H,NSP12_G671S,NSP3_G489S,Spike_L24del,NSP4_T327I,Spike_S373P,Spike_N969K,Spike_H655Y,N_R203K,Spike_G142D,Spike_A27S,Spike_Q954H,N_P13L,Spike_N501Y,Spike_P25del,N_R32del,Spike_V213E,NS3_T223I,Spike_T19I,Spike_H146Q,M_Q19E,Spike_N440K,NSP4_T492I,Spike_N460K,Spike_N679K,Spike_N764K,E_T11A,NSP6_G107del,Spike_Y505H,Spike_D796Y,N_G204R,Spike_T478K,N_S413R,M_A63T,Spike_R346T,Spike_S371F,Spike_V445P,Spike_K417N,NSP13_R392C,Spike_L368I,Spike_T376A,NSP6_S106del,NS8_G8stop,Spike_F490S,Spike_F486P,Spike_R408S,NSP4_L438F,Spike_G339H,NSP14_I42V,NSP4_L264F,Spike_P681H,Spike_Y144del,NSP3_D1075N,Spike_V83A,NSP3_T24I,N_S33del,NSP1_S135R,Spike_S375F,Spike_D405N,Spike_Q498R,Spike_G446S,NSP13_S36P,Spike_Q183E,Spike_S477N,N_E31del,NSP15_T112I,NSP6_F108del,Spike_E484A,E_T9I,NSP1_K47R,Spike_P26del,NSP12_P323L,Spike_D614G)
hCoV-19/USA/CT-Yale-24388/2023	EPI_ISL_17327506	2023-03-09	North America / USA / Connecticut / New Haven	Human			unknown	unknown	unknown		Original			XBB.1.5	GRA	(NSP5_P132H,NSP12_G671S,NSP3_G489S,Spike_L24del,NSP4_T327I,Spike_S373P,Spike_N969K,Spike_H655Y,N_R203K,Spike_G142D,NSP14_V182I,Spike_A27S,Spike_Q954H,N_P13L,Spike_N501Y,Spike_P25del,N_R32del,Spike_V213E,NS3_T223I,Spike_T19I,Spike_H146Q,M_Q19E,NSP4_T492I,Spike_N679K,Spike_N764K,E_T11A,NSP6_G107del,Spike_Y505H,Spike_D796Y,N_G204R,Spike_T478K,N_S413R,M_A63T,Spike_R346T,Spike_P521T,Spike_S371F,NSP13_R392C,Spike_L368I,Spike_T376A,NSP6_S106del,Spike_V772I,NS8_G8stop,Spike_F490S,NSP2_P624L,Spike_F486P,Spike_L5F,NSP4_L438F,Spike_G339H,NSP14_I42V,NSP4_L264F,Spike_P681H,Spike_Y144del,Spike_V83A,NSP3_T24I,N_S33del,NSP1_S135R,Spike_S375F,Spike_D405N,Spike_Q498R,NSP13_S36P,Spike_Q183E,Spike_S477N,N_E31del,NSP15_T112I,NSP6_F108del,Spike_E484A,E_T9I,NSP1_K47R,Spike_P26del,NSP12_P323L,Spike_D614G)
hCoV-19/USA/CT-Yale-24389/2023	EPI_ISL_17327507	2023-03-12	North America / USA / Connecticut / Fairfield	Human			unknown	unknown	unknown		Original			XBB.1.5	GRA	(NSP5_P132H,NSP12_G671S,NSP3_G489S,Spike_L24del,NSP4_T327I,Spike_S373P,Spike_N969K,Spike_H655Y,N_R203K,Spike_G142D,Spike_A27S,Spike_Q954H,N_P13L,NSP1_H83del,Spike_N501Y,Spike_P25del,N_R32del,Spike_V213E,NS3_T223I,Spike_T19I,Spike_H146Q,M_Q19E,Spike_N440K,NSP4_T492I,Spike_N460K,Spike_N679K,Spike_N764K,E_T11A,NSP6_G107del,Spike_Y505H,NSP1_V84del,Spike_D796Y,N_G204R,Spike_T478K,N_S413R,M_A63T,Spike_R346T,Spike_S371F,NSP1_M85del,Spike_V445P,NSP13_R392C,Spike_K417N,Spike_L368I,Spike_T376A,NSP6_S106del,NS8_G8stop,Spike_F490S,Spike_F486P,Spike_R408S,NSP4_L438F,Spike_G339H,NSP14_I42V,NSP4_L264F,Spike_P681H,Spike_Y144del,Spike_V83A,NSP3_T24I,NSP1_G82del,N_S33del,NSP1_S135R,Spike_S375F,Spike_D405N,Spike_Q498R,Spike_G446S,NSP13_S36P,Spike_Q183E,Spike_S477N,N_E31del,NSP1_V86del,NSP15_T112I,NSP6_F108del,Spike_E484A,E_T9I,NSP1_K47R,Spike_P26del,NSP12_P323L,Spike_D614G)
hCoV-19/USA/CT-Yale-24392/2023	EPI_ISL_17327508	2023-03-11	North America / USA / Connecticut / New Haven	Human			unknown	unknown	unknown		Original			XBB.1.5	GRA	(NSP5_P132H,NSP12_G671S,Spike_L24del,NSP4_T327I,Spike_S373P,Spike_N969K,N_R203K,Spike_G142D,Spike_A27S,Spike_Q954H,Spike_N501Y,Spike_P25del,Spike_V213E,NS3_T223I,Spike_T19I,Spike_H146Q,M_Q19E,Spike_N440K,NSP4_T492I,Spike_N679K,Spike_N764K,E_T11A,NSP6_G107del,Spike_Y505H,Spike_D796Y,N_G204R,Spike_T478K,M_A63T,Spike_R346T,Spike_S371F,Spike_K417N,NSP13_R392C,Spike_L368I,Spike_T376A,NSP6_S106del,NS8_G8stop,Spike_F490S,Spike_F486P,NSP4_L438F,Spike_G339H,NSP14_I42V,NSP4_L264F,Spike_P681H,Spike_Y144del,NSP3_T24I,Spike_S375F,Spike_D405N,Spike_Q498R,NSP13_S36P,Spike_Q183E,Spike_S477N,Spike_K529N,NSP6_F108del,Spike_E484A,E_T9I,Spike_P26del,NSP12_P323L)
hCoV-19/USA/CT-Yale-24393/2023	EPI_ISL_17327509	2023-03-10	North America / USA / Connecticut / New Haven	Human			unknown	unknown	unknown		Original			XBB.1.5	GRA	(NSP5_P132H,NSP12_G671S,NSP3_G489S,Spike_L24del,NSP4_T327I,Spike_S373P,Spike_N969K,Spike_H655Y,N_R203K,Spike_G142D,Spike_A27S,Spike_Q954H,N_P13L,Spike_N501Y,Spike_P25del,N_R32del,Spike_V213E,NS3_T223I,Spike_T19I,Spike_H146Q,M_Q19E,Spike_N440K,NSP4_T492I,Spike_N460K,Spike_N679K,Spike_N764K,E_T11A,NSP6_G107del,Spike_Y505H,Spike_D796Y,N_G204R,Spike_T478K,N_S413R,M_A63T,Spike_R346T,Spike_S371F,NSP3_S400N,Spike_V445P,Spike_K417N,NSP13_R392C,Spike_L368I,Spike_T376A,NSP6_S106del,NS8_G8stop,Spike_F490S,Spike_F486P,Spike_R408S,NSP4_L438F,Spike_G339H,NSP14_I42V,NSP4_L264F,Spike_P681H,Spike_Y144del,Spike_V83A,NSP3_T24I,N_S33del,NSP1_S135R,Spike_S375F,Spike_D405N,Spike_Q498R,Spike_G446S,NSP13_S36P,Spike_Q183E,Spike_S477N,N_E31del,NSP15_T112I,NSP6_F108del,Spike_E484A,E_T9I,NSP1_K47R,Spike_P26del,NSP12_P323L,Spike_D614G)
hCoV-19/USA/CT-Yale-24394/2023	EPI_ISL_17327510	2023-03-08	North America / USA / Connecticut / Hartford	Human			unknown	unknown	unknown		Original			XBB.1.5	GRA	(NSP5_P132H,NSP12_G671S,NSP3_G489S,Spike_L24del,NSP4_T327I,Spike_S373P,Spike_N969K,Spike_H655Y,N_R203K,Spike_G142D,Spike_A27S,Spike_Q954H,N_P13L,Spike_N501Y,Spike_P25del,N_R32del,Spike_V213E,NS3_T223I,Spike_T19I,Spike_H146Q,M_Q19E,Spike_N440K,NSP4_T492I,Spike_N460K,Spike_N679K,Spike_N764K,E_T11A,NSP6_G107del,Spike_Y505H,Spike_D796Y,N_G204R,Spike_T478K,N_S413R,M_A63T,Spike_R346T,Spike_S371F,Spike_V445P,Spike_K417N,NSP13_R392C,Spike_L368I,Spike_T376A,NSP6_S106del,NS8_G8stop,Spike_F490S,NSP3_S371N,Spike_F486P,Spike_R408S,NSP4_L438F,Spike_G339H,NSP14_I42V,NSP4_L264F,Spike_P681H,Spike_Y144del,Spike_V83A,NSP3_T24I,N_S33del,NSP1_S135R,Spike_S375F,Spike_D405N,Spike_Q498R,Spike_G446S,NSP13_S36P,Spike_Q183E,Spike_S477N,N_E31del,NSP15_T112I,NSP6_F108del,Spike_E484A,E_T9I,NSP1_K47R,Spike_P26del,NSP12_P323L,Spike_D614G)
hCoV-19/USA/CT-Yale-24395/2023	EPI_ISL_17327512	2023-03-08	North America / USA / Connecticut / New Haven	Human			unknown	unknown	unknown		Original			XBB.1.5	GRA	(NSP5_P132H,NSP12_G671S,NSP3_G489S,Spike_L24del,NSP4_T327I,Spike_S373P,Spike_N969K,Spike_H655Y,N_R203K,Spike_G142D,Spike_A27S,Spike_Q954H,N_P13L,Spike_N501Y,Spike_P25del,N_R32del,Spike_V213E,NS3_T223I,Spike_T19I,Spike_H146Q,M_Q19E,Spike_N440K,NSP4_T492I,Spike_N460K,Spike_N679K,Spike_N764K,E_T11A,NSP6_G107del,Spike_Y505H,Spike_D796Y,N_G204R,Spike_T478K,N_S413R,M_A63T,Spike_R346T,Spike_S371F,Spike_V445P,Spike_K417N,NSP13_R392C,Spike_L368I,Spike_T376A,NSP6_S106del,NS8_G8stop,Spike_F490S,Spike_F486P,Spike_R408S,NSP4_L438F,Spike_G339H,NSP14_I42V,NSP4_L264F,Spike_P681H,Spike_Y144del,Spike_V83A,NSP3_T24I,N_S33del,NSP1_S135R,Spike_S375F,Spike_D405N,Spike_Q498R,Spike_G446S,NSP13_S36P,Spike_Q183E,Spike_S477N,N_E31del,NSP15_T112I,NSP6_F108del,Spike_E484A,E_T9I,NSP1_K47R,Spike_P26del,NSP12_P323L,Spike_D614G)
hCoV-19/USA/CT-Yale-24396/2023	EPI_ISL_17327513	2023-03-11	North America / USA / Connecticut / New Haven	Human			unknown	unknown	unknown		Original			XBB.1.5	GRA	(NSP5_P132H,NSP12_G671S,NSP3_G489S,Spike_L24del,NSP4_T327I,Spike_S373P,Spike_N969K,Spike_H655Y,N_R203K,Spike_G142D,Spike_A27S,Spike_Q954H,N_P13L,Spike_N501Y,Spike_P25del,N_R32del,Spike_V213E,NS3_T223I,Spike_T19I,Spike_H146Q,M_Q19E,Spike_N440K,NSP4_T492I,Spike_N460K,Spike_N679K,Spike_N764K,E_T11A,NSP6_G107del,Spike_Y505H,Spike_D796Y,N_G204R,Spike_T478K,N_S413R,M_A63T,Spike_R346T,Spike_S371F,Spike_V445P,Spike_K417N,NSP13_R392C,Spike_L368I,Spike_T376A,NSP6_S106del,NS8_G8stop,Spike_F490S,Spike_F486P,Spike_R408S,NSP4_L438F,Spike_G339H,NSP14_I42V,NSP4_L264F,Spike_P681H,Spike_Y144del,Spike_V83A,NSP3_T24I,N_S33del,NSP1_S135R,Spike_S375F,Spike_D405N,Spike_Q498R,Spike_G446S,NSP13_S36P,Spike_Q183E,Spike_S477N,N_E31del,NSP15_T112I,NSP6_F108del,Spike_E484A,E_T9I,NSP1_K47R,Spike_P26del,NSP12_P323L,Spike_D614G)
hCoV-19/USA/CT-Yale-24397/2023	EPI_ISL_17327514	2023-03-14	North America / USA / Connecticut / New Haven	Human			unknown	unknown	unknown		Original			XBB.1.5	GRA	(NSP5_P132H,NSP12_G671S,NSP3_G489S,Spike_L24del,NSP4_T327I,Spike_S373P,Spike_N969K,Spike_H655Y,N_R203K,Spike_G142D,Spike_A27S,Spike_Q954H,N_P13L,Spike_N501Y,Spike_P25del,N_R32del,Spike_V213E,NS3_T223I,Spike_T19I,Spike_H146Q,M_Q19E,Spike_N440K,NSP4_T492I,Spike_N460K,Spike_N679K,Spike_N764K,E_T11A,NSP6_G107del,Spike_Y505H,Spike_D796Y,N_G204R,NSP6_L72S,Spike_T478K,N_S413R,M_A63T,Spike_R346T,Spike_S371F,Spike_V445P,NSP13_R392C,Spike_K417N,Spike_L368I,Spike_T376A,NSP6_S106del,NS8_G8stop,Spike_F490S,Spike_F486P,Spike_R408S,NSP4_L438F,Spike_G339H,NSP14_I42V,NSP4_L264F,Spike_P681H,Spike_Y144del,Spike_V83A,NSP3_T24I,N_S33del,NSP1_S135R,Spike_S375F,Spike_D405N,Spike_Q498R,Spike_G446S,NSP13_S36P,Spike_Q183E,Spike_S477N,NSP13_I575V,N_E31del,NSP15_T112I,NSP6_F108del,Spike_E484A,E_T9I,NSP1_K47R,Spike_P26del,NSP12_P323L,Spike_D614G,Spike_N148T)
hCoV-19/USA/CT-Yale-24398/2023	EPI_ISL_17327515	2023-03-13	North America / USA / Connecticut / New Haven	Human			unknown	unknown	unknown		Original			XBB.1.5	GRA	(NSP5_P132H,NSP12_G671S,NSP3_G489S,Spike_L24del,NSP4_T327I,Spike_S373P,Spike_N969K,Spike_H655Y,N_R203K,Spike_G142D,Spike_A27S,Spike_Q954H,N_P13L,Spike_N501Y,Spike_P25del,N_R32del,Spike_V213E,NS3_T223I,Spike_T19I,Spike_H146Q,M_Q19E,Spike_N440K,NSP4_T492I,Spike_N460K,Spike_N679K,Spike_N764K,E_T11A,NSP6_G107del,Spike_Y505H,Spike_D796Y,N_G204R,Spike_T478K,N_S413R,M_A63T,Spike_R346T,Spike_S371F,Spike_V445P,Spike_K417N,NSP13_R392C,Spike_L368I,Spike_T376A,NSP6_S106del,NS8_G8stop,Spike_F490S,Spike_F486P,Spike_R408S,NSP4_L438F,Spike_G339H,NSP14_I42V,NSP4_L264F,Spike_P681H,Spike_Y144del,Spike_V83A,NSP3_T24I,N_S33del,NSP1_S135R,Spike_S375F,Spike_D405N,Spike_Q498R,Spike_G446S,NSP13_S36P,Spike_Q183E,Spike_S477N,N_E31del,NSP15_T112I,NSP6_F108del,Spike_E484A,E_T9I,NSP1_K47R,Spike_P26del,NSP12_P323L,Spike_D614G)
hCoV-19/USA/CT-Yale-24399/2023	EPI_ISL_17327516	2023-03-08	North America / USA / Connecticut / New Haven	Human			unknown	unknown	unknown		Original			XBB.1.5	GRA	(NSP5_P132H,NSP12_G671S,NSP3_G489S,Spike_L24del,NSP4_T327I,Spike_S373P,Spike_N969K,Spike_H655Y,N_R203K,Spike_G142D,Spike_A27S,Spike_Q954H,N_P13L,Spike_N501Y,Spike_P25del,N_R32del,NSP12_N9K,Spike_V213E,NS3_T223I,Spike_T19I,Spike_H146Q,M_Q19E,Spike_N440K,NSP4_T492I,Spike_N460K,Spike_N679K,Spike_N764K,E_T11A,NSP6_G107del,Spike_Y505H,Spike_D796Y,N_G204R,Spike_T478K,N_S413R,M_A63T,Spike_R346T,Spike_S371F,N_G18S,Spike_V445P,NSP13_R392C,Spike_K417N,Spike_L368I,Spike_T376A,NSP6_S106del,NS8_G8stop,Spike_F490S,NSP3_E1271D,Spike_F486P,Spike_R408S,NSP4_L438F,Spike_G339H,NSP14_I42V,NSP4_L264F,Spike_P681H,Spike_Y144del,Spike_V83A,NSP3_T24I,N_S33del,NSP1_S135R,Spike_S375F,Spike_D405N,Spike_Q498R,Spike_G446S,NSP13_S36P,Spike_Q183E,Spike_S477N,N_E31del,NSP15_T112I,NSP6_F108del,Spike_E484A,E_T9I,NSP1_K47R,Spike_P26del,NSP12_P323L,Spike_D614G,NSP12_L8F)
hCoV-19/USA/CT-Yale-24400/2023	EPI_ISL_17327517	2023-03-09	North America / USA / Connecticut / Fairfield	Human			unknown	unknown	unknown		Original			XBB.1.5	GRA	(NSP5_P132H,NSP12_G671S,NSP3_G489S,Spike_L24del,NSP4_T327I,Spike_S373P,Spike_N969K,Spike_H655Y,N_R203K,Spike_G142D,Spike_A27S,Spike_Q954H,N_P13L,Spike_N501Y,Spike_P25del,N_R32del,Spike_V213E,NS3_T223I,Spike_T19I,Spike_H146Q,M_Q19E,Spike_N440K,NSP4_T492I,Spike_N460K,NS3_T64N,NSP12_I223L,Spike_N679K,Spike_N764K,E_T11A,NSP6_G107del,Spike_Y505H,Spike_D796Y,N_G204R,Spike_T478K,N_S413R,M_A63T,Spike_R346T,Spike_S371F,Spike_V445P,Spike_K417N,NSP13_R392C,Spike_L368I,Spike_T376A,NSP6_S106del,NS8_G8stop,Spike_F490S,Spike_F486P,Spike_R408S,NSP4_L438F,Spike_G339H,NSP14_I42V,NSP4_L264F,Spike_P681H,Spike_Y144del,Spike_V83A,NSP3_T24I,N_S33del,NSP1_S135R,Spike_S375F,Spike_D405N,Spike_Q498R,Spike_G446S,NSP13_S36P,Spike_Q183E,Spike_S477N,N_E31del,NSP15_T112I,NSP6_F108del,Spike_E484A,E_T9I,NSP1_K47R,Spike_P26del,NSP12_P323L,Spike_D614G)
hCoV-19/USA/CT-Yale-24401/2023	EPI_ISL_17327518	2023-03-14	North America / USA / Connecticut / Fairfield	Human			unknown	unknown	unknown		Original			XBB.1.5	GRA	(NSP5_P132H,NSP12_G671S,NSP3_G489S,NSP2_M609I,Spike_L24del,NSP4_T327I,Spike_S373P,Spike_N969K,Spike_H655Y,N_R203K,Spike_G142D,Spike_A27S,Spike_Q954H,NSP3_T423I,N_P13L,Spike_N501Y,Spike_P25del,N_R32del,Spike_V213E,NS3_T223I,Spike_T19I,Spike_H146Q,M_Q19E,Spike_N440K,NSP4_T492I,Spike_N460K,Spike_N679K,Spike_N764K,E_T11A,NSP6_G107del,Spike_Y505H,Spike_D796Y,N_G204R,Spike_T478K,N_S413R,M_A63T,Spike_R346T,Spike_S371F,Spike_V445P,NSP13_R392C,Spike_K417N,Spike_L368I,Spike_T376A,NSP6_S106del,NS8_G8stop,Spike_F490S,Spike_F486P,Spike_R408S,NSP4_L438F,Spike_G339H,NSP14_I42V,NSP4_L264F,Spike_P681H,Spike_Y144del,Spike_V83A,NSP3_T24I,N_S33del,NSP1_S135R,Spike_S375F,Spike_D405N,Spike_Q498R,Spike_G446S,NSP13_S36P,Spike_Q183E,Spike_S477N,N_E31del,NSP15_T112I,NSP6_F108del,Spike_E484A,E_T9I,NSP1_K47R,Spike_P26del,NSP12_P323L,Spike_D614G)
hCoV-19/USA/CT-Yale-24402/2023	EPI_ISL_17327519	2023-03-09	North America / USA / Connecticut / New Haven	Human			unknown	unknown	unknown		Original			XBB.1.5	GRA	(NSP5_P132H,NSP12_G671S,NSP3_G489S,Spike_L24del,NSP4_T327I,Spike_S373P,Spike_N969K,Spike_H655Y,N_R203K,Spike_G142D,NSP14_V182I,Spike_A27S,Spike_Q954H,N_P13L,Spike_N501Y,Spike_P25del,N_R32del,Spike_V213E,NS3_T223I,Spike_T19I,Spike_H146Q,M_Q19E,Spike_N440K,NSP4_T492I,Spike_N460K,Spike_N679K,Spike_N764K,E_T11A,NSP6_G107del,Spike_Y505H,Spike_D796Y,N_G204R,Spike_T478K,N_S413R,M_A63T,Spike_R346T,Spike_P521T,Spike_S371F,Spike_V445P,NSP13_R392C,Spike_K417N,Spike_L368I,Spike_T376A,NSP6_S106del,Spike_V772I,NS8_G8stop,Spike_F490S,NSP2_P624L,Spike_L5F,Spike_R408S,NSP4_L438F,Spike_G339H,NSP14_I42V,NSP4_L264F,Spike_P681H,Spike_Y144del,Spike_V83A,Spike_F486L,NSP3_T24I,N_S33del,NSP1_S135R,Spike_S375F,Spike_D405N,Spike_Q498R,Spike_G446S,NSP13_S36P,Spike_Q183E,Spike_S477N,N_E31del,NSP15_T112I,NSP6_F108del,Spike_E484A,E_T9I,NSP1_K47R,Spike_P26del,NSP12_P323L,Spike_D614G)
hCoV-19/USA/CT-Yale-24403/2023	EPI_ISL_17327520	2023-03-12	North America / USA / Connecticut / New Haven	Human			unknown	unknown	unknown		Original			XBB.1.5	GRA	(NSP5_P132H,NSP12_G671S,NSP3_G489S,Spike_L24del,NSP4_T327I,Spike_S373P,Spike_N969K,Spike_H655Y,N_R203K,Spike_G142D,NSP14_V182I,Spike_A27S,Spike_Q954H,N_P13L,Spike_N501Y,Spike_P25del,N_R32del,Spike_V213E,NS3_T223I,Spike_T19I,Spike_H146Q,M_Q19E,Spike_N440K,NSP4_T492I,Spike_N460K,Spike_N679K,Spike_N764K,E_T11A,NSP6_G107del,Spike_Y505H,Spike_D796Y,N_G204R,Spike_T478K,M_A63T,Spike_R346T,Spike_P521T,Spike_S371F,Spike_V445P,NSP13_R392C,Spike_K417N,Spike_L368I,Spike_T376A,NSP6_S106del,Spike_V772I,NS8_G8stop,Spike_F490S,NSP2_P624L,Spike_L5F,Spike_R408S,NSP4_L438F,Spike_G339H,NSP14_I42V,NSP4_L264F,Spike_P681H,Spike_Y144del,Spike_V83A,Spike_F486L,NSP3_T24I,N_S33del,NSP1_S135R,Spike_S375F,Spike_D405N,Spike_Q498R,Spike_G446S,NSP13_S36P,Spike_Q183E,Spike_S477N,N_E31del,NSP15_T112I,NSP6_F108del,Spike_E484A,E_T9I,NSP1_K47R,Spike_P26del,NSP12_P323L,Spike_D614G)
hCoV-19/USA/CT-Yale-24404/2023	EPI_ISL_17327521	2023-03-08	North America / USA / Connecticut / New Haven	Human			unknown	unknown	unknown		Original			XBB.1.5	GRA	(NSP5_P132H,NSP12_G671S,NSP3_G489S,Spike_L24del,NSP4_T327I,Spike_S373P,Spike_N969K,Spike_H655Y,N_R203K,Spike_G142D,Spike_A27S,Spike_Q954H,N_P13L,Spike_N501Y,Spike_P25del,N_R32del,Spike_V213E,NS3_T223I,Spike_T19I,Spike_H146Q,M_Q19E,Spike_N440K,NSP4_T492I,Spike_N460K,Spike_N679K,Spike_N764K,E_T11A,NSP6_G107del,Spike_Y505H,Spike_D796Y,N_G204R,Spike_T478K,N_S413R,NSP3_L1035F,M_A63T,Spike_R346T,Spike_S371F,Spike_V445P,NSP13_R392C,Spike_K417N,Spike_L368I,Spike_T376A,NSP6_S106del,NS8_G8stop,Spike_F490S,Spike_F486P,Spike_R408S,NSP4_L438F,Spike_G339H,NSP14_I42V,NSP4_L264F,Spike_P681H,Spike_Y144del,Spike_V83A,NSP3_T24I,N_S33del,NSP1_S135R,Spike_S375F,Spike_D405N,Spike_Q498R,Spike_G446S,NSP13_S36P,Spike_Q183E,Spike_S477N,N_E31del,NSP15_T112I,NSP6_F108del,Spike_E484A,E_T9I,NSP1_K47R,Spike_P26del,NSP12_P323L,Spike_D614G,NSP14_A371V)
hCoV-19/USA/CT-Yale-24406/2023	EPI_ISL_17327522	2023-03-13	North America / USA / Connecticut / New Haven	Human			unknown	unknown	unknown		Original			XBB.1.9.1	GRA	(NSP5_P132H,NSP12_G671S,NSP3_G489S,Spike_L24del,NSP4_T327I,Spike_S373P,Spike_N969K,Spike_H655Y,N_R203K,Spike_G142D,Spike_A27S,Spike_Q954H,N_P13L,NSP1_H83del,Spike_N501Y,Spike_P25del,N_R32del,Spike_V213E,NS3_T223I,Spike_T19I,Spike_H146Q,M_Q19E,Spike_N440K,NSP4_T492I,Spike_N460K,Spike_N679K,Spike_N764K,E_T11A,NSP6_G107del,Spike_Y505H,Spike_D796Y,N_G204R,Spike_T478K,N_S413R,M_A63T,Spike_R346T,Spike_S371F,Spike_V445P,NSP13_R392C,Spike_K417N,Spike_L368I,Spike_T376A,NSP6_S106del,NS8_G8stop,Spike_F490S,Spike_F486P,Spike_R408S,NSP4_L438F,Spike_G339H,NSP14_I42V,NSP4_L264F,Spike_P681H,Spike_Y144del,Spike_V83A,NSP3_T24I,NSP1_G82del,N_S33del,NSP1_S135R,Spike_S375F,NSP3_G1001S,Spike_D405N,Spike_Q613H,Spike_Q498R,Spike_G446S,NSP13_S36P,Spike_Q183E,Spike_S477N,N_E31del,NSP15_T112I,NSP6_F108del,Spike_E484A,E_T9I,NSP1_K47R,Spike_P26del,NSP9_T35I,NSP12_P323L,Spike_D614G)
hCoV-19/USA/CT-Yale-24407/2023	EPI_ISL_17327523	2023-03-07	North America / USA / Connecticut / New London	Human			unknown	unknown	unknown		Original			XBB.1.5	GRA	(NSP5_P132H,NSP12_G671S,NSP3_G489S,Spike_L24del,NS3_L85F,NSP4_T327I,Spike_S373P,Spike_N969K,Spike_H655Y,N_R203K,Spike_G142D,NSP14_V182I,Spike_A27S,Spike_Q954H,N_P13L,Spike_N501Y,Spike_P25del,N_R32del,Spike_V213E,NS3_T223I,Spike_T19I,Spike_H146Q,M_Q19E,Spike_N440K,NSP4_T492I,Spike_N460K,Spike_N679K,Spike_N764K,E_T11A,NSP6_G107del,Spike_Y505H,Spike_D796Y,N_G204R,Spike_T478K,N_S413R,M_A63T,Spike_R346T,Spike_P521T,Spike_S371F,Spike_V445P,NSP13_R392C,Spike_K417N,Spike_L368I,Spike_T376A,NSP6_S106del,Spike_V772I,NS8_G8stop,Spike_F490S,Spike_F486P,Spike_R408S,NSP4_L438F,Spike_G339H,NSP14_I42V,NSP4_L264F,Spike_P681H,Spike_Y144del,Spike_V83A,NSP3_T24I,N_S33del,NSP1_S135R,Spike_S375F,Spike_D405N,Spike_Q498R,Spike_G446S,NSP13_S36P,Spike_Q183E,Spike_S477N,N_E31del,NSP15_T112I,NSP6_F108del,Spike_E484A,Spike_S514A,E_T9I,NSP1_K47R,Spike_P26del,NSP12_P323L,Spike_D614G)
hCoV-19/USA/CT-Yale-24409/2023	EPI_ISL_17327524	2023-03-13	North America / USA / Connecticut / New Haven	Human			unknown	unknown	unknown		Original			XBB.1.5	GRA	(NSP5_P132H,NSP8_V186I,NSP12_G671S,NSP3_G489S,Spike_L24del,NSP4_T327I,Spike_S373P,Spike_N969K,Spike_H655Y,N_R203K,Spike_G142D,Spike_A27S,Spike_Q954H,N_P13L,NSP1_H83del,Spike_N501Y,Spike_P25del,N_R32del,Spike_V213E,NS3_T223I,Spike_T19I,Spike_H146Q,M_Q19E,Spike_N440K,NSP4_T492I,Spike_N460K,Spike_N679K,Spike_N764K,E_T11A,NSP6_G107del,Spike_Y505H,NSP1_V84del,Spike_D796Y,N_G204R,Spike_T478K,N_S413R,M_A63T,Spike_R346T,Spike_S371F,NSP1_M85del,Spike_V445P,NSP3_T1140A,NSP13_R392C,Spike_K417N,Spike_L368I,Spike_T376A,NSP6_S106del,NS8_G8stop,Spike_F490S,Spike_F486P,Spike_R408S,NSP4_L438F,Spike_G339H,NSP14_I42V,NSP4_L264F,Spike_P681H,Spike_Y144del,Spike_V83A,NSP3_T24I,NSP1_G82del,N_S33del,NSP1_S135R,Spike_S375F,Spike_D405N,Spike_Q498R,Spike_G446S,NSP13_S36P,Spike_Q183E,Spike_S477N,N_E31del,NSP1_V86del,NSP5_T21I,NSP15_T112I,NSP6_F108del,Spike_E484A,E_T9I,NSP1_K47R,Spike_P26del,NSP12_P323L,Spike_D614G)
hCoV-19/USA/CT-Yale-24411/2023	EPI_ISL_17327525	2023-03-10	North America / USA / Connecticut / New Haven	Human			unknown	unknown	unknown		Original			XBB.1.5	GRA	(NSP5_P132H,NSP12_G671S,NSP3_G489S,Spike_L24del,NSP4_T327I,Spike_S373P,Spike_N969K,Spike_H655Y,N_R203K,Spike_G142D,Spike_A27S,Spike_Q954H,N_P13L,Spike_N501Y,Spike_P25del,N_R32del,Spike_V213E,NS3_T223I,Spike_T19I,Spike_H146Q,M_Q19E,Spike_N440K,NSP4_T492I,Spike_N460K,Spike_N679K,Spike_N764K,E_T11A,NSP6_G107del,Spike_Y505H,Spike_D796Y,N_G204R,Spike_T478K,N_S413R,M_A63T,Spike_R346T,Spike_S371F,Spike_V445P,NSP13_R392C,Spike_K417N,Spike_L368I,Spike_T376A,NSP6_S106del,NS8_G8stop,Spike_F490S,Spike_F486P,Spike_R408S,NSP4_L438F,Spike_G339H,NSP14_I42V,NSP4_L264F,Spike_P681H,Spike_Y144del,Spike_V83A,NSP3_T24I,N_S33del,NSP1_S135R,Spike_S375F,Spike_D405N,Spike_Q498R,Spike_G446S,NSP13_S36P,Spike_Q183E,Spike_S477N,NSP3_A1279V,N_E31del,NSP15_T112I,NSP6_F108del,Spike_E484A,Spike_A348T,E_T9I,NSP1_K47R,Spike_P26del,NSP12_P323L,NSP16_I127V,Spike_D614G)
hCoV-19/USA/CT-Yale-24412/2023	EPI_ISL_17327526	2023-03-13	North America / USA / Connecticut / Fairfield	Human			unknown	unknown	unknown		Original			XBB.1.5	GRA	(NSP5_P132H,Spike_A163V,NSP12_G671S,Spike_L24del,NSP2_G327S,NSP4_T327I,Spike_S373P,Spike_N969K,Spike_H655Y,N_R203K,Spike_G142D,Spike_A27S,Spike_Q954H,N_P13L,Spike_N501Y,Spike_P25del,N_R32del,Spike_V213E,NS3_T223I,Spike_T19I,Spike_H146Q,M_Q19E,Spike_N440K,Spike_N460K,Spike_Q1071stop,Spike_N679K,Spike_N764K,E_T11A,NSP6_G107del,Spike_Y505H,Spike_D796Y,N_G204R,Spike_T478K,NSP2_S351R,M_A63T,Spike_R346T,Spike_S371F,Spike_V445P,Spike_K417N,NSP13_R392C,Spike_L368I,Spike_T376A,NSP6_S106del,NS8_G8stop,Spike_F490S,Spike_F486P,Spike_R408S,Spike_G339H,NSP14_I42V,NSP4_L264F,Spike_P681H,Spike_Y144del,Spike_V83A,NSP3_T24I,N_S33del,Spike_S375F,Spike_D405N,Spike_Q498R,Spike_G446S,NSP13_S36P,Spike_Q183E,Spike_S477N,N_E31del,NSP15_T112I,NSP6_F108del,Spike_E484A,E_T9I,Spike_P26del,NSP12_P323L,Spike_D614G)
hCoV-19/USA/CT-Yale-24413/2023	EPI_ISL_17327527	2023-03-10	North America / USA / Connecticut / New Haven	Human			unknown	unknown	unknown		Original			XBB.1.5	GRA	(NSP5_P132H,NSP12_G671S,NSP3_G489S,Spike_L24del,NSP4_T327I,Spike_S373P,Spike_N969K,Spike_H655Y,N_R203K,Spike_G142D,Spike_A27S,Spike_Q954H,N_P13L,Spike_N501Y,Spike_P25del,N_R32del,Spike_V213E,NS3_T223I,Spike_T19I,Spike_H146Q,M_Q19E,Spike_N440K,NSP4_T492I,Spike_N460K,Spike_N679K,Spike_N764K,E_T11A,NSP6_G107del,Spike_Y505H,Spike_D796Y,N_G204R,Spike_T478K,N_S413R,M_A63T,Spike_R346T,Spike_S371F,Spike_V445P,NSP13_R392C,Spike_K417N,Spike_L368I,Spike_T376A,NSP6_S106del,NS8_G8stop,Spike_F490S,Spike_F486P,Spike_R408S,NSP4_L438F,Spike_G339H,NSP14_I42V,NSP4_L264F,Spike_P681H,Spike_Y144del,Spike_V83A,NSP3_T24I,N_S33del,NSP1_S135R,Spike_S375F,Spike_D405N,Spike_Q498R,Spike_G446S,NSP13_S36P,Spike_Q183E,Spike_S477N,NSP3_A1279V,N_E31del,NSP15_T112I,NSP6_F108del,Spike_E484A,Spike_A348T,E_T9I,NSP1_K47R,Spike_P26del,NSP12_P323L,NSP16_I127V,Spike_D614G)
hCoV-19/USA/CT-Yale-24414/2023	EPI_ISL_17327528	2023-03-13	North America / USA / Connecticut / New Haven	Human			unknown	unknown	unknown		Original			XBB.1.5	GRA	(NSP5_P132H,NSP8_V186I,NSP12_G671S,NSP3_G489S,Spike_L24del,NSP4_T327I,Spike_S373P,Spike_N969K,Spike_H655Y,N_R203K,Spike_G142D,Spike_A27S,Spike_Q954H,N_P13L,NSP1_H83del,Spike_N501Y,Spike_P25del,N_R32del,Spike_V213E,NS3_T223I,Spike_T19I,Spike_H146Q,M_Q19E,Spike_N440K,NSP4_T492I,Spike_N460K,Spike_N679K,Spike_N764K,E_T11A,NSP6_G107del,Spike_Y505H,NSP1_V84del,Spike_D796Y,N_G204R,Spike_T478K,N_S413R,M_A63T,Spike_R346T,Spike_S371F,NSP1_M85del,Spike_V445P,NSP3_T1140A,NSP13_R392C,Spike_K417N,Spike_L368I,Spike_T376A,NSP6_S106del,NS8_G8stop,Spike_F490S,Spike_F486P,Spike_R408S,NSP4_L438F,Spike_G339H,NSP14_I42V,NSP4_L264F,Spike_P681H,Spike_Y144del,Spike_V83A,NSP3_T24I,NSP1_G82del,N_S33del,NSP1_S135R,Spike_S375F,Spike_D405N,Spike_Q498R,Spike_G446S,NSP13_S36P,Spike_Q183E,Spike_S477N,N_E31del,NSP1_V86del,NSP5_T21I,NSP15_T112I,NSP6_F108del,Spike_E484A,E_T9I,NSP1_K47R,Spike_P26del,NSP12_P323L,Spike_D614G)
hCoV-19/USA/CT-Yale-24415/2023	EPI_ISL_17327529	2023-03-08	North America / USA / Connecticut / New Haven	Human			unknown	unknown	unknown		Original			XBB.1.5	GRA	(NSP5_P132H,NSP12_G671S,Spike_L24del,NSP4_T327I,Spike_S373P,Spike_N969K,Spike_H655Y,N_R203K,Spike_G142D,Spike_A27S,Spike_Q954H,N_P13L,Spike_N501Y,Spike_P25del,N_R32del,Spike_V213E,NS3_T223I,Spike_T19I,Spike_H146Q,M_Q19E,Spike_N440K,NSP4_T492I,Spike_N460K,Spike_N679K,Spike_N764K,E_T11A,NSP6_G107del,Spike_Y505H,Spike_D796Y,N_G204R,Spike_T478K,NS7a_A79V,M_A63T,Spike_R346T,Spike_S371F,Spike_V445P,Spike_K417N,NSP13_R392C,Spike_L368I,Spike_T376A,NSP6_S106del,Spike_F490S,NSP2_V311M,Spike_F486P,Spike_R408S,NSP4_L438F,Spike_G339H,NSP14_I42V,NSP4_L264F,Spike_P681H,Spike_Y144del,Spike_V83A,NSP3_T24I,N_S33del,NSP1_S135R,Spike_S375F,Spike_D405N,Spike_Q498R,Spike_G446S,NSP13_S36P,Spike_Q183E,NSP2_D14N,Spike_S477N,N_E31del,NSP15_T112I,NSP6_F108del,Spike_E484A,E_T9I,NSP1_K47R,Spike_P26del,NSP12_P323L,Spike_D614G)
